path	size_gb	category	reason
analysis/revision/results/virchow2_continued_e3	132.484	non-paper analysis	RV19 epochs 2-3 (pre-registered contingency); the manuscript reports epoch 1 only
analysis/revision/results/scanner_composition_pilot	12.232	non-paper analysis	RV16 ViT-Tiny pilot (NO-GO); not in the manuscript
analysis/revision/results/scanner_mixture	0.660	non-paper analysis	RV17 ViT-Tiny dose pilot; not in the manuscript
analysis/revision/results/reference_encoders_rv15	2.429	non-paper analysis	RV15 CLIP/ResNet50 reference encoders; not in the manuscript
analysis/revision/results/uni_continued/train/p000/teacher_e000.pt	1.214	unused checkpoint	UNI continued pretraining: e000 = released weights, e002/e003 not analyzed (manuscript uses e001)
analysis/revision/results/uni_continued/train/p000/teacher_e002.pt	1.214	unused checkpoint	UNI continued pretraining: e000 = released weights, e002/e003 not analyzed (manuscript uses e001)
analysis/revision/results/uni_continued/train/p000/teacher_e003.pt	1.214	unused checkpoint	UNI continued pretraining: e000 = released weights, e002/e003 not analyzed (manuscript uses e001)
analysis/revision/results/uni_continued/train/p000_s1/teacher_e000.pt	1.214	unused checkpoint	UNI continued pretraining: e000 = released weights, e002/e003 not analyzed (manuscript uses e001)
analysis/revision/results/uni_continued/train/p000_s1/teacher_e002.pt	1.214	unused checkpoint	UNI continued pretraining: e000 = released weights, e002/e003 not analyzed (manuscript uses e001)
analysis/revision/results/uni_continued/train/p000_s1/teacher_e003.pt	1.214	unused checkpoint	UNI continued pretraining: e000 = released weights, e002/e003 not analyzed (manuscript uses e001)
analysis/revision/results/uni_continued/train/p010/teacher_e000.pt	1.214	unused checkpoint	UNI continued pretraining: e000 = released weights, e002/e003 not analyzed (manuscript uses e001)
analysis/revision/results/uni_continued/train/p010_s1/teacher_e000.pt	1.214	unused checkpoint	UNI continued pretraining: e000 = released weights, e002/e003 not analyzed (manuscript uses e001)
analysis/revision/results/uni_continued/train/p020/teacher_e000.pt	1.214	unused checkpoint	UNI continued pretraining: e000 = released weights, e002/e003 not analyzed (manuscript uses e001)
analysis/revision/results/uni_continued/train/p020/teacher_e002.pt	1.214	unused checkpoint	UNI continued pretraining: e000 = released weights, e002/e003 not analyzed (manuscript uses e001)
analysis/revision/results/uni_continued/train/p020/teacher_e003.pt	1.214	unused checkpoint	UNI continued pretraining: e000 = released weights, e002/e003 not analyzed (manuscript uses e001)
analysis/revision/results/uni_continued/train/p020_s1/teacher_e000.pt	1.214	unused checkpoint	UNI continued pretraining: e000 = released weights, e002/e003 not analyzed (manuscript uses e001)
analysis/revision/results/uni_continued/train/p020_s1/teacher_e002.pt	1.214	unused checkpoint	UNI continued pretraining: e000 = released weights, e002/e003 not analyzed (manuscript uses e001)
analysis/revision/results/uni_continued/train/p020_s1/teacher_e003.pt	1.214	unused checkpoint	UNI continued pretraining: e000 = released weights, e002/e003 not analyzed (manuscript uses e001)
analysis/revision/results/uni_continued/train/p030/teacher_e000.pt	1.214	unused checkpoint	UNI continued pretraining: e000 = released weights, e002/e003 not analyzed (manuscript uses e001)
analysis/revision/results/uni_continued/train/p030_s1/teacher_e000.pt	1.214	unused checkpoint	UNI continued pretraining: e000 = released weights, e002/e003 not analyzed (manuscript uses e001)
analysis/revision/results/uni_continued/train/p040/teacher_e000.pt	1.214	unused checkpoint	UNI continued pretraining: e000 = released weights, e002/e003 not analyzed (manuscript uses e001)
analysis/revision/results/uni_continued/train/p040_s1/teacher_e000.pt	1.214	unused checkpoint	UNI continued pretraining: e000 = released weights, e002/e003 not analyzed (manuscript uses e001)
analysis/revision/results/uni_continued/train/p050/teacher_e000.pt	1.214	unused checkpoint	UNI continued pretraining: e000 = released weights, e002/e003 not analyzed (manuscript uses e001)
analysis/revision/results/uni_continued/train/p050_s1/teacher_e000.pt	1.214	unused checkpoint	UNI continued pretraining: e000 = released weights, e002/e003 not analyzed (manuscript uses e001)
analysis/revision/results/uni_continued/train/p060/teacher_e000.pt	1.214	unused checkpoint	UNI continued pretraining: e000 = released weights, e002/e003 not analyzed (manuscript uses e001)
analysis/revision/results/uni_continued/train/p060_s1/teacher_e000.pt	1.214	unused checkpoint	UNI continued pretraining: e000 = released weights, e002/e003 not analyzed (manuscript uses e001)
analysis/revision/results/uni_continued/train/p070/teacher_e000.pt	1.214	unused checkpoint	UNI continued pretraining: e000 = released weights, e002/e003 not analyzed (manuscript uses e001)
analysis/revision/results/uni_continued/train/p070_s1/teacher_e000.pt	1.214	unused checkpoint	UNI continued pretraining: e000 = released weights, e002/e003 not analyzed (manuscript uses e001)
analysis/revision/results/uni_continued/train/p080/teacher_e000.pt	1.214	unused checkpoint	UNI continued pretraining: e000 = released weights, e002/e003 not analyzed (manuscript uses e001)
analysis/revision/results/uni_continued/train/p080/teacher_e002.pt	1.214	unused checkpoint	UNI continued pretraining: e000 = released weights, e002/e003 not analyzed (manuscript uses e001)
analysis/revision/results/uni_continued/train/p080/teacher_e003.pt	1.214	unused checkpoint	UNI continued pretraining: e000 = released weights, e002/e003 not analyzed (manuscript uses e001)
analysis/revision/results/uni_continued/train/p080_s1/teacher_e000.pt	1.214	unused checkpoint	UNI continued pretraining: e000 = released weights, e002/e003 not analyzed (manuscript uses e001)
analysis/revision/results/uni_continued/train/p080_s1/teacher_e002.pt	1.214	unused checkpoint	UNI continued pretraining: e000 = released weights, e002/e003 not analyzed (manuscript uses e001)
analysis/revision/results/uni_continued/train/p080_s1/teacher_e003.pt	1.214	unused checkpoint	UNI continued pretraining: e000 = released weights, e002/e003 not analyzed (manuscript uses e001)
analysis/revision/results/uni_continued/train/p090/teacher_e000.pt	1.214	unused checkpoint	UNI continued pretraining: e000 = released weights, e002/e003 not analyzed (manuscript uses e001)
analysis/revision/results/uni_continued/train/p090_s1/teacher_e000.pt	1.214	unused checkpoint	UNI continued pretraining: e000 = released weights, e002/e003 not analyzed (manuscript uses e001)
analysis/revision/results/uni_continued/train/p100/teacher_e000.pt	1.214	unused checkpoint	UNI continued pretraining: e000 = released weights, e002/e003 not analyzed (manuscript uses e001)
analysis/revision/results/uni_continued/train/p100/teacher_e002.pt	1.214	unused checkpoint	UNI continued pretraining: e000 = released weights, e002/e003 not analyzed (manuscript uses e001)
analysis/revision/results/uni_continued/train/p100/teacher_e003.pt	1.214	unused checkpoint	UNI continued pretraining: e000 = released weights, e002/e003 not analyzed (manuscript uses e001)
analysis/revision/results/uni_continued/train/p100_s1/teacher_e000.pt	1.214	unused checkpoint	UNI continued pretraining: e000 = released weights, e002/e003 not analyzed (manuscript uses e001)
analysis/revision/results/uni_continued/train/p100_s1/teacher_e002.pt	1.214	unused checkpoint	UNI continued pretraining: e000 = released weights, e002/e003 not analyzed (manuscript uses e001)
analysis/revision/results/uni_continued/train/p100_s1/teacher_e003.pt	1.214	unused checkpoint	UNI continued pretraining: e000 = released weights, e002/e003 not analyzed (manuscript uses e001)
analysis/revision/results/virchow2_continued/train/p000/teacher_e000.pt	2.525	unused checkpoint	Virchow2 continued pretraining: e000 = released weights (manuscript uses e001)
analysis/revision/results/virchow2_continued/train/p000_s1/teacher_e000.pt	2.525	unused checkpoint	Virchow2 continued pretraining: e000 = released weights (manuscript uses e001)
analysis/revision/results/virchow2_continued/train/p020/teacher_e000.pt	2.525	unused checkpoint	Virchow2 continued pretraining: e000 = released weights (manuscript uses e001)
analysis/revision/results/virchow2_continued/train/p020_s1/teacher_e000.pt	2.525	unused checkpoint	Virchow2 continued pretraining: e000 = released weights (manuscript uses e001)
analysis/revision/results/virchow2_continued/train/p040/teacher_e000.pt	2.525	unused checkpoint	Virchow2 continued pretraining: e000 = released weights (manuscript uses e001)
analysis/revision/results/virchow2_continued/train/p040_s1/teacher_e000.pt	2.525	unused checkpoint	Virchow2 continued pretraining: e000 = released weights (manuscript uses e001)
analysis/revision/results/virchow2_continued/train/p060/teacher_e000.pt	2.525	unused checkpoint	Virchow2 continued pretraining: e000 = released weights (manuscript uses e001)
analysis/revision/results/virchow2_continued/train/p060_s1/teacher_e000.pt	2.525	unused checkpoint	Virchow2 continued pretraining: e000 = released weights (manuscript uses e001)
analysis/revision/results/virchow2_continued/train/p080/teacher_e000.pt	2.525	unused checkpoint	Virchow2 continued pretraining: e000 = released weights (manuscript uses e001)
analysis/revision/results/virchow2_continued/train/p080_s1/teacher_e000.pt	2.525	unused checkpoint	Virchow2 continued pretraining: e000 = released weights (manuscript uses e001)
analysis/revision/results/virchow2_continued/train/p100/teacher_e000.pt	2.525	unused checkpoint	Virchow2 continued pretraining: e000 = released weights (manuscript uses e001)
analysis/revision/results/virchow2_continued/train/p100_s1/teacher_e000.pt	2.525	unused checkpoint	Virchow2 continued pretraining: e000 = released weights (manuscript uses e001)
analysis/revision/results/uni_continued/embeddings/p000_e003.h5	0.180	unused embedding	UNI continued pretraining embeddings of epochs 2-3, not analyzed
analysis/revision/results/uni_continued/embeddings/p000_s1_e003.h5	0.180	unused embedding	UNI continued pretraining embeddings of epochs 2-3, not analyzed
analysis/revision/results/uni_continued/embeddings/p020_e003.h5	0.180	unused embedding	UNI continued pretraining embeddings of epochs 2-3, not analyzed
analysis/revision/results/uni_continued/embeddings/p020_s1_e003.h5	0.180	unused embedding	UNI continued pretraining embeddings of epochs 2-3, not analyzed
analysis/revision/results/uni_continued/embeddings/p080_e003.h5	0.180	unused embedding	UNI continued pretraining embeddings of epochs 2-3, not analyzed
analysis/revision/results/uni_continued/embeddings/p080_s1_e003.h5	0.180	unused embedding	UNI continued pretraining embeddings of epochs 2-3, not analyzed
analysis/revision/results/uni_continued/embeddings/p100_e003.h5	0.180	unused embedding	UNI continued pretraining embeddings of epochs 2-3, not analyzed
analysis/revision/results/uni_continued/embeddings/p100_s1_e003.h5	0.180	unused embedding	UNI continued pretraining embeddings of epochs 2-3, not analyzed
analysis/revision/results/uni_continued/dose_code_check	0.000	temporary	code check of the dose script
analysis/revision/results/corrected_embeddings/parts	12.933	intermediate duplicate	pre-assembly shards; the assembled embeddings in pannormal/ and plism/ are kept
analysis/revision/results/anchor_frequency_diversity/smoke	0.088	smoke test	smoke-test outputs
analysis/revision/results/corrected_embeddings/smoke	0.000	smoke test	smoke-test outputs
analysis/revision/results/downstream_tissue_proxy/smoke	0.000	smoke test	smoke-test outputs
analysis/revision/results/gain_tissue_dependence/smoke	0.000	smoke test	smoke-test outputs
analysis/revision/results/reference_encoders_rv15/smoke	0.009	smoke test	smoke-test outputs
analysis/revision/results/registration_floor/smoke	0.000	smoke test	smoke-test outputs
analysis/revision/results/scanner_composition_pilot/smoke	5.993	smoke test	smoke-test outputs
analysis/revision/results/scanner_mixture/smoke	0.088	smoke test	smoke-test outputs
analysis/revision/results/three_axis_evaluation/smoke	0.002	smoke test	smoke-test outputs
analysis/revision/results/uni_continued/smoke	2.431	smoke test	smoke-test outputs
analysis/revision/results/uni_continued/smoke2	2.427	smoke test	smoke-test outputs
analysis/revision/results/virchow2_continued/smoke	5.050	smoke test	smoke-test outputs
outputs/plism_gan_crossencoder_2026-09-25/smoke	0.000	smoke test	smoke-test outputs
outputs/scanner_batch_effect_analysis_2026-09-17/06_learned_baselines/09_bidirectional_full_training/00_smoke	2.507	smoke test	smoke-test outputs
outputs/scanner_batch_effect_analysis_2026-09-17/06_learned_baselines/11_cyclegan_full_training/00_smoke	1.320	smoke test	smoke-test outputs
outputs/scanner_batch_effect_analysis_2026-09-17/12_manuscript_completion/10_slide_level_lmm/smoke	0.000	smoke test	smoke-test outputs
outputs/scanner_batch_effect_analysis_2026-09-17/06_learned_baselines/02_pix2pix/benchmarks	2.059	benchmark	throughput benchmarks, not referenced by any analysis
outputs/scanner_batch_effect_analysis_2026-09-17/06_learned_baselines/11_cyclegan_full_training/00_benchmark_b16	0.453	benchmark	throughput benchmarks, not referenced by any analysis
outputs/encoder_review_2026-09-25/hf_cache	10.743	cache	Hugging Face model cache (re-downloadable)
outputs/sample_panel_audit_2026-09-25	0.000	audit	sample-panel audit of the previous manuscript
analysis/paper/results/figure_rebuild_staging	0.006	staging	figure-verification staging and test outputs of the removed audit tooling
analysis/paper/results/tests	0.000	staging	figure-verification staging and test outputs of the removed audit tooling
analysis/paper/results/manuscript_build/build_24600759.out	0.000	build output	old LaTeX build outputs (regenerated by the build job)
analysis/paper/results/manuscript_build/build_24600791.out	0.000	build output	old LaTeX build outputs (regenerated by the build job)
analysis/paper/results/manuscript_build/build_24602036.out	0.000	build output	old LaTeX build outputs (regenerated by the build job)
analysis/paper/results/manuscript_build/build_24603260.out	0.000	build output	old LaTeX build outputs (regenerated by the build job)
analysis/paper/results/manuscript_build/build_24603322.out	0.000	build output	old LaTeX build outputs (regenerated by the build job)
analysis/paper/results/manuscript_build/build_24611740.out	0.000	build output	old LaTeX build outputs (regenerated by the build job)
analysis/paper/results/manuscript_build/build_24611804.out	0.000	build output	old LaTeX build outputs (regenerated by the build job)
analysis/paper/results/manuscript_build/pannormal_scanner_batch_effects.abs	0.000	build output	old LaTeX build outputs (regenerated by the build job)
analysis/paper/results/manuscript_build/pannormal_scanner_batch_effects.aux	0.000	build output	old LaTeX build outputs (regenerated by the build job)
analysis/paper/results/manuscript_build/pannormal_scanner_batch_effects.bbl	0.000	build output	old LaTeX build outputs (regenerated by the build job)
analysis/paper/results/manuscript_build/pannormal_scanner_batch_effects.blg	0.000	build output	old LaTeX build outputs (regenerated by the build job)
analysis/paper/results/manuscript_build/pannormal_scanner_batch_effects.fdb_latexmk	0.000	build output	old LaTeX build outputs (regenerated by the build job)
analysis/paper/results/manuscript_build/pannormal_scanner_batch_effects.fls	0.000	build output	old LaTeX build outputs (regenerated by the build job)
analysis/paper/results/manuscript_build/pannormal_scanner_batch_effects.log	0.000	build output	old LaTeX build outputs (regenerated by the build job)
analysis/paper/results/manuscript_build/pannormal_scanner_batch_effects.out	0.000	build output	old LaTeX build outputs (regenerated by the build job)
analysis/paper/results/manuscript_build/pannormal_scanner_batch_effects.pdf	0.006	build output	old LaTeX build outputs (regenerated by the build job)
analysis/paper/results/manuscript_build/pannormal_scanner_batch_effects.xdv	0.000	build output	old LaTeX build outputs (regenerated by the build job)
analysis/paper/results/manuscript_build/pannormal_scanner_batch_effects_ko.pdf	0.003	build output	old LaTeX build outputs (regenerated by the build job)
.Trash	4.862	temporary	previous trash (restore maps kept in docs/records), test cache, downloaded reference PDF
.pytest_cache	0.000	temporary	previous trash (restore maps kept in docs/records), test cache, downloaded reference PDF
docs/2501.18055v2.pdf	0.005	temporary	previous trash (restore maps kept in docs/records), test cache, downloaded reference PDF
analysis/revision/results/three_axis_evaluation/logs/rv04_24197110_0.log	0.000	log	execution logs
analysis/revision/results/three_axis_evaluation/logs/rv04_24197110_1.log	0.000	log	execution logs
analysis/revision/results/three_axis_evaluation/logs/rv04_24197110_2.log	0.000	log	execution logs
analysis/revision/results/three_axis_evaluation/logs/rv04_24197110_3.log	0.000	log	execution logs
analysis/revision/results/three_axis_evaluation/logs/rv04_24197110_4.log	0.000	log	execution logs
analysis/revision/results/three_axis_evaluation/logs/rv04_24197110_5.log	0.000	log	execution logs
analysis/revision/results/three_axis_evaluation/logs/rv04_24197110_6.log	0.000	log	execution logs
analysis/revision/results/three_axis_evaluation/logs/rv04_24197110_7.log	0.000	log	execution logs
analysis/revision/results/three_axis_evaluation/logs/rv04_24197346_4294967294.log	0.000	log	execution logs
analysis/revision/results/three_axis_evaluation/logs/rv04_24197824_0.log	0.000	log	execution logs
analysis/revision/results/three_axis_evaluation/logs/rv04_24197824_1.log	0.000	log	execution logs
analysis/revision/results/three_axis_evaluation/logs/rv04_24197824_2.log	0.000	log	execution logs
analysis/revision/results/three_axis_evaluation/logs/rv04_24197824_3.log	0.000	log	execution logs
analysis/revision/results/three_axis_evaluation/logs/rv04_24197824_4.log	0.000	log	execution logs
analysis/revision/results/three_axis_evaluation/logs/rv04_24197824_5.log	0.000	log	execution logs
analysis/revision/results/three_axis_evaluation/logs/rv04_24197824_6.log	0.000	log	execution logs
analysis/revision/results/three_axis_evaluation/logs/rv04_24197824_7.log	0.000	log	execution logs
analysis/revision/results/three_axis_evaluation/logs/rv04_24197825_4294967294.log	0.000	log	execution logs
analysis/revision/results/three_axis_evaluation/logs/rv04_24211439_0.log	0.000	log	execution logs
analysis/revision/results/three_axis_evaluation/logs/rv04_24211439_1.log	0.000	log	execution logs
analysis/revision/results/three_axis_evaluation/logs/rv04_24211439_10.log	0.000	log	execution logs
analysis/revision/results/three_axis_evaluation/logs/rv04_24211439_11.log	0.000	log	execution logs
analysis/revision/results/three_axis_evaluation/logs/rv04_24211439_12.log	0.000	log	execution logs
analysis/revision/results/three_axis_evaluation/logs/rv04_24211439_13.log	0.000	log	execution logs
analysis/revision/results/three_axis_evaluation/logs/rv04_24211439_14.log	0.000	log	execution logs
analysis/revision/results/three_axis_evaluation/logs/rv04_24211439_15.log	0.000	log	execution logs
analysis/revision/results/three_axis_evaluation/logs/rv04_24211439_16.log	0.000	log	execution logs
analysis/revision/results/three_axis_evaluation/logs/rv04_24211439_17.log	0.000	log	execution logs
analysis/revision/results/three_axis_evaluation/logs/rv04_24211439_18.log	0.000	log	execution logs
analysis/revision/results/three_axis_evaluation/logs/rv04_24211439_19.log	0.000	log	execution logs
analysis/revision/results/three_axis_evaluation/logs/rv04_24211439_2.log	0.000	log	execution logs
analysis/revision/results/three_axis_evaluation/logs/rv04_24211439_20.log	0.000	log	execution logs
analysis/revision/results/three_axis_evaluation/logs/rv04_24211439_21.log	0.000	log	execution logs
analysis/revision/results/three_axis_evaluation/logs/rv04_24211439_22.log	0.000	log	execution logs
analysis/revision/results/three_axis_evaluation/logs/rv04_24211439_23.log	0.000	log	execution logs
analysis/revision/results/three_axis_evaluation/logs/rv04_24211439_24.log	0.000	log	execution logs
analysis/revision/results/three_axis_evaluation/logs/rv04_24211439_25.log	0.000	log	execution logs
analysis/revision/results/three_axis_evaluation/logs/rv04_24211439_26.log	0.000	log	execution logs
analysis/revision/results/three_axis_evaluation/logs/rv04_24211439_27.log	0.000	log	execution logs
analysis/revision/results/three_axis_evaluation/logs/rv04_24211439_28.log	0.000	log	execution logs
analysis/revision/results/three_axis_evaluation/logs/rv04_24211439_29.log	0.000	log	execution logs
analysis/revision/results/three_axis_evaluation/logs/rv04_24211439_3.log	0.000	log	execution logs
analysis/revision/results/three_axis_evaluation/logs/rv04_24211439_30.log	0.000	log	execution logs
analysis/revision/results/three_axis_evaluation/logs/rv04_24211439_31.log	0.000	log	execution logs
analysis/revision/results/three_axis_evaluation/logs/rv04_24211439_32.log	0.000	log	execution logs
analysis/revision/results/three_axis_evaluation/logs/rv04_24211439_33.log	0.000	log	execution logs
analysis/revision/results/three_axis_evaluation/logs/rv04_24211439_34.log	0.000	log	execution logs
analysis/revision/results/three_axis_evaluation/logs/rv04_24211439_35.log	0.000	log	execution logs
analysis/revision/results/three_axis_evaluation/logs/rv04_24211439_36.log	0.000	log	execution logs
analysis/revision/results/three_axis_evaluation/logs/rv04_24211439_37.log	0.000	log	execution logs
analysis/revision/results/three_axis_evaluation/logs/rv04_24211439_38.log	0.000	log	execution logs
analysis/revision/results/three_axis_evaluation/logs/rv04_24211439_39.log	0.000	log	execution logs
analysis/revision/results/three_axis_evaluation/logs/rv04_24211439_4.log	0.000	log	execution logs
analysis/revision/results/three_axis_evaluation/logs/rv04_24211439_40.log	0.000	log	execution logs
analysis/revision/results/three_axis_evaluation/logs/rv04_24211439_41.log	0.000	log	execution logs
analysis/revision/results/three_axis_evaluation/logs/rv04_24211439_42.log	0.000	log	execution logs
analysis/revision/results/three_axis_evaluation/logs/rv04_24211439_43.log	0.000	log	execution logs
analysis/revision/results/three_axis_evaluation/logs/rv04_24211439_44.log	0.000	log	execution logs
analysis/revision/results/three_axis_evaluation/logs/rv04_24211439_45.log	0.000	log	execution logs
analysis/revision/results/three_axis_evaluation/logs/rv04_24211439_46.log	0.000	log	execution logs
analysis/revision/results/three_axis_evaluation/logs/rv04_24211439_47.log	0.000	log	execution logs
analysis/revision/results/three_axis_evaluation/logs/rv04_24211439_48.log	0.000	log	execution logs
analysis/revision/results/three_axis_evaluation/logs/rv04_24211439_49.log	0.000	log	execution logs
analysis/revision/results/three_axis_evaluation/logs/rv04_24211439_5.log	0.000	log	execution logs
analysis/revision/results/three_axis_evaluation/logs/rv04_24211439_50.log	0.000	log	execution logs
analysis/revision/results/three_axis_evaluation/logs/rv04_24211439_51.log	0.000	log	execution logs
analysis/revision/results/three_axis_evaluation/logs/rv04_24211439_52.log	0.000	log	execution logs
analysis/revision/results/three_axis_evaluation/logs/rv04_24211439_53.log	0.000	log	execution logs
analysis/revision/results/three_axis_evaluation/logs/rv04_24211439_54.log	0.000	log	execution logs
analysis/revision/results/three_axis_evaluation/logs/rv04_24211439_55.log	0.000	log	execution logs
analysis/revision/results/three_axis_evaluation/logs/rv04_24211439_56.log	0.000	log	execution logs
analysis/revision/results/three_axis_evaluation/logs/rv04_24211439_57.log	0.000	log	execution logs
analysis/revision/results/three_axis_evaluation/logs/rv04_24211439_58.log	0.000	log	execution logs
analysis/revision/results/three_axis_evaluation/logs/rv04_24211439_59.log	0.000	log	execution logs
analysis/revision/results/three_axis_evaluation/logs/rv04_24211439_6.log	0.000	log	execution logs
analysis/revision/results/three_axis_evaluation/logs/rv04_24211439_60.log	0.000	log	execution logs
analysis/revision/results/three_axis_evaluation/logs/rv04_24211439_61.log	0.000	log	execution logs
analysis/revision/results/three_axis_evaluation/logs/rv04_24211439_62.log	0.000	log	execution logs
analysis/revision/results/three_axis_evaluation/logs/rv04_24211439_63.log	0.000	log	execution logs
analysis/revision/results/three_axis_evaluation/logs/rv04_24211439_64.log	0.000	log	execution logs
analysis/revision/results/three_axis_evaluation/logs/rv04_24211439_65.log	0.000	log	execution logs
analysis/revision/results/three_axis_evaluation/logs/rv04_24211439_66.log	0.000	log	execution logs
analysis/revision/results/three_axis_evaluation/logs/rv04_24211439_67.log	0.000	log	execution logs
analysis/revision/results/three_axis_evaluation/logs/rv04_24211439_68.log	0.000	log	execution logs
analysis/revision/results/three_axis_evaluation/logs/rv04_24211439_69.log	0.000	log	execution logs
analysis/revision/results/three_axis_evaluation/logs/rv04_24211439_7.log	0.000	log	execution logs
analysis/revision/results/three_axis_evaluation/logs/rv04_24211439_70.log	0.000	log	execution logs
analysis/revision/results/three_axis_evaluation/logs/rv04_24211439_71.log	0.000	log	execution logs
analysis/revision/results/three_axis_evaluation/logs/rv04_24211439_72.log	0.000	log	execution logs
analysis/revision/results/three_axis_evaluation/logs/rv04_24211439_73.log	0.000	log	execution logs
analysis/revision/results/three_axis_evaluation/logs/rv04_24211439_74.log	0.000	log	execution logs
analysis/revision/results/three_axis_evaluation/logs/rv04_24211439_75.log	0.000	log	execution logs
analysis/revision/results/three_axis_evaluation/logs/rv04_24211439_76.log	0.000	log	execution logs
analysis/revision/results/three_axis_evaluation/logs/rv04_24211439_77.log	0.000	log	execution logs
analysis/revision/results/three_axis_evaluation/logs/rv04_24211439_78.log	0.000	log	execution logs
analysis/revision/results/three_axis_evaluation/logs/rv04_24211439_79.log	0.000	log	execution logs
analysis/revision/results/three_axis_evaluation/logs/rv04_24211439_8.log	0.000	log	execution logs
analysis/revision/results/three_axis_evaluation/logs/rv04_24211439_80.log	0.000	log	execution logs
analysis/revision/results/three_axis_evaluation/logs/rv04_24211439_81.log	0.000	log	execution logs
analysis/revision/results/three_axis_evaluation/logs/rv04_24211439_82.log	0.000	log	execution logs
analysis/revision/results/three_axis_evaluation/logs/rv04_24211439_83.log	0.000	log	execution logs
analysis/revision/results/three_axis_evaluation/logs/rv04_24211439_84.log	0.000	log	execution logs
analysis/revision/results/three_axis_evaluation/logs/rv04_24211439_85.log	0.000	log	execution logs
analysis/revision/results/three_axis_evaluation/logs/rv04_24211439_86.log	0.000	log	execution logs
analysis/revision/results/three_axis_evaluation/logs/rv04_24211439_87.log	0.000	log	execution logs
analysis/revision/results/three_axis_evaluation/logs/rv04_24211439_88.log	0.000	log	execution logs
analysis/revision/results/three_axis_evaluation/logs/rv04_24211439_89.log	0.000	log	execution logs
analysis/revision/results/three_axis_evaluation/logs/rv04_24211439_9.log	0.000	log	execution logs
analysis/revision/results/three_axis_evaluation/logs/rv04_24211439_90.log	0.000	log	execution logs
analysis/revision/results/three_axis_evaluation/logs/rv04_24211439_91.log	0.000	log	execution logs
analysis/revision/results/three_axis_evaluation/logs/rv04_24211439_92.log	0.000	log	execution logs
analysis/revision/results/three_axis_evaluation/logs/rv04_24211439_93.log	0.000	log	execution logs
analysis/revision/results/three_axis_evaluation/logs/rv04_24211439_94.log	0.000	log	execution logs
analysis/revision/results/three_axis_evaluation/logs/rv04_24211439_95.log	0.000	log	execution logs
analysis/revision/results/three_axis_evaluation/logs/rv04_24211440_4294967294.log	0.000	log	execution logs
analysis/revision/results/set20_reaggregation/logs/aggregate_24196913.log	0.000	log	execution logs
analysis/revision/results/set20_reaggregation/logs/aggregate_24197214.log	0.000	log	execution logs
analysis/revision/results/set20_reaggregation/logs/aggregate_24197401.log	0.000	log	execution logs
analysis/revision/results/set20_reaggregation/logs/aggregate_24197457.log	0.000	log	execution logs
analysis/revision/results/set20_reaggregation/logs/aggregate_24197819.log	0.000	log	execution logs
analysis/revision/results/set20_reaggregation/logs/gan_residual_24196912_0.log	0.000	log	execution logs
analysis/revision/results/set20_reaggregation/logs/gan_residual_24196912_1.log	0.000	log	execution logs
analysis/revision/results/set20_reaggregation/logs/gan_residual_24196912_10.log	0.000	log	execution logs
analysis/revision/results/set20_reaggregation/logs/gan_residual_24196912_100.log	0.000	log	execution logs
analysis/revision/results/set20_reaggregation/logs/gan_residual_24196912_101.log	0.000	log	execution logs
analysis/revision/results/set20_reaggregation/logs/gan_residual_24196912_102.log	0.000	log	execution logs
analysis/revision/results/set20_reaggregation/logs/gan_residual_24196912_11.log	0.000	log	execution logs
analysis/revision/results/set20_reaggregation/logs/gan_residual_24196912_12.log	0.000	log	execution logs
analysis/revision/results/set20_reaggregation/logs/gan_residual_24196912_13.log	0.000	log	execution logs
analysis/revision/results/set20_reaggregation/logs/gan_residual_24196912_14.log	0.000	log	execution logs
analysis/revision/results/set20_reaggregation/logs/gan_residual_24196912_15.log	0.000	log	execution logs
analysis/revision/results/set20_reaggregation/logs/gan_residual_24196912_16.log	0.000	log	execution logs
analysis/revision/results/set20_reaggregation/logs/gan_residual_24196912_17.log	0.000	log	execution logs
analysis/revision/results/set20_reaggregation/logs/gan_residual_24196912_18.log	0.000	log	execution logs
analysis/revision/results/set20_reaggregation/logs/gan_residual_24196912_19.log	0.000	log	execution logs
analysis/revision/results/set20_reaggregation/logs/gan_residual_24196912_2.log	0.000	log	execution logs
analysis/revision/results/set20_reaggregation/logs/gan_residual_24196912_20.log	0.000	log	execution logs
analysis/revision/results/set20_reaggregation/logs/gan_residual_24196912_21.log	0.000	log	execution logs
analysis/revision/results/set20_reaggregation/logs/gan_residual_24196912_22.log	0.000	log	execution logs
analysis/revision/results/set20_reaggregation/logs/gan_residual_24196912_23.log	0.000	log	execution logs
analysis/revision/results/set20_reaggregation/logs/gan_residual_24196912_24.log	0.000	log	execution logs
analysis/revision/results/set20_reaggregation/logs/gan_residual_24196912_25.log	0.000	log	execution logs
analysis/revision/results/set20_reaggregation/logs/gan_residual_24196912_26.log	0.000	log	execution logs
analysis/revision/results/set20_reaggregation/logs/gan_residual_24196912_27.log	0.000	log	execution logs
analysis/revision/results/set20_reaggregation/logs/gan_residual_24196912_28.log	0.000	log	execution logs
analysis/revision/results/set20_reaggregation/logs/gan_residual_24196912_29.log	0.000	log	execution logs
analysis/revision/results/set20_reaggregation/logs/gan_residual_24196912_3.log	0.000	log	execution logs
analysis/revision/results/set20_reaggregation/logs/gan_residual_24196912_30.log	0.000	log	execution logs
analysis/revision/results/set20_reaggregation/logs/gan_residual_24196912_31.log	0.000	log	execution logs
analysis/revision/results/set20_reaggregation/logs/gan_residual_24196912_32.log	0.000	log	execution logs
analysis/revision/results/set20_reaggregation/logs/gan_residual_24196912_33.log	0.000	log	execution logs
analysis/revision/results/set20_reaggregation/logs/gan_residual_24196912_34.log	0.000	log	execution logs
analysis/revision/results/set20_reaggregation/logs/gan_residual_24196912_35.log	0.000	log	execution logs
analysis/revision/results/set20_reaggregation/logs/gan_residual_24196912_36.log	0.000	log	execution logs
analysis/revision/results/set20_reaggregation/logs/gan_residual_24196912_37.log	0.000	log	execution logs
analysis/revision/results/set20_reaggregation/logs/gan_residual_24196912_38.log	0.000	log	execution logs
analysis/revision/results/set20_reaggregation/logs/gan_residual_24196912_39.log	0.000	log	execution logs
analysis/revision/results/set20_reaggregation/logs/gan_residual_24196912_4.log	0.000	log	execution logs
analysis/revision/results/set20_reaggregation/logs/gan_residual_24196912_40.log	0.000	log	execution logs
analysis/revision/results/set20_reaggregation/logs/gan_residual_24196912_41.log	0.000	log	execution logs
analysis/revision/results/set20_reaggregation/logs/gan_residual_24196912_42.log	0.000	log	execution logs
analysis/revision/results/set20_reaggregation/logs/gan_residual_24196912_43.log	0.000	log	execution logs
analysis/revision/results/set20_reaggregation/logs/gan_residual_24196912_44.log	0.000	log	execution logs
analysis/revision/results/set20_reaggregation/logs/gan_residual_24196912_45.log	0.000	log	execution logs
analysis/revision/results/set20_reaggregation/logs/gan_residual_24196912_46.log	0.000	log	execution logs
analysis/revision/results/set20_reaggregation/logs/gan_residual_24196912_47.log	0.000	log	execution logs
analysis/revision/results/set20_reaggregation/logs/gan_residual_24196912_48.log	0.000	log	execution logs
analysis/revision/results/set20_reaggregation/logs/gan_residual_24196912_49.log	0.000	log	execution logs
analysis/revision/results/set20_reaggregation/logs/gan_residual_24196912_5.log	0.000	log	execution logs
analysis/revision/results/set20_reaggregation/logs/gan_residual_24196912_50.log	0.000	log	execution logs
analysis/revision/results/set20_reaggregation/logs/gan_residual_24196912_51.log	0.000	log	execution logs
analysis/revision/results/set20_reaggregation/logs/gan_residual_24196912_52.log	0.000	log	execution logs
analysis/revision/results/set20_reaggregation/logs/gan_residual_24196912_53.log	0.000	log	execution logs
analysis/revision/results/set20_reaggregation/logs/gan_residual_24196912_54.log	0.000	log	execution logs
analysis/revision/results/set20_reaggregation/logs/gan_residual_24196912_55.log	0.000	log	execution logs
analysis/revision/results/set20_reaggregation/logs/gan_residual_24196912_56.log	0.000	log	execution logs
analysis/revision/results/set20_reaggregation/logs/gan_residual_24196912_57.log	0.000	log	execution logs
analysis/revision/results/set20_reaggregation/logs/gan_residual_24196912_58.log	0.000	log	execution logs
analysis/revision/results/set20_reaggregation/logs/gan_residual_24196912_59.log	0.000	log	execution logs
analysis/revision/results/set20_reaggregation/logs/gan_residual_24196912_6.log	0.000	log	execution logs
analysis/revision/results/set20_reaggregation/logs/gan_residual_24196912_60.log	0.000	log	execution logs
analysis/revision/results/set20_reaggregation/logs/gan_residual_24196912_61.log	0.000	log	execution logs
analysis/revision/results/set20_reaggregation/logs/gan_residual_24196912_62.log	0.000	log	execution logs
analysis/revision/results/set20_reaggregation/logs/gan_residual_24196912_63.log	0.000	log	execution logs
analysis/revision/results/set20_reaggregation/logs/gan_residual_24196912_64.log	0.000	log	execution logs
analysis/revision/results/set20_reaggregation/logs/gan_residual_24196912_65.log	0.000	log	execution logs
analysis/revision/results/set20_reaggregation/logs/gan_residual_24196912_66.log	0.000	log	execution logs
analysis/revision/results/set20_reaggregation/logs/gan_residual_24196912_67.log	0.000	log	execution logs
analysis/revision/results/set20_reaggregation/logs/gan_residual_24196912_68.log	0.000	log	execution logs
analysis/revision/results/set20_reaggregation/logs/gan_residual_24196912_69.log	0.000	log	execution logs
analysis/revision/results/set20_reaggregation/logs/gan_residual_24196912_7.log	0.000	log	execution logs
analysis/revision/results/set20_reaggregation/logs/gan_residual_24196912_70.log	0.000	log	execution logs
analysis/revision/results/set20_reaggregation/logs/gan_residual_24196912_71.log	0.000	log	execution logs
analysis/revision/results/set20_reaggregation/logs/gan_residual_24196912_72.log	0.000	log	execution logs
analysis/revision/results/set20_reaggregation/logs/gan_residual_24196912_73.log	0.000	log	execution logs
analysis/revision/results/set20_reaggregation/logs/gan_residual_24196912_74.log	0.000	log	execution logs
analysis/revision/results/set20_reaggregation/logs/gan_residual_24196912_75.log	0.000	log	execution logs
analysis/revision/results/set20_reaggregation/logs/gan_residual_24196912_76.log	0.000	log	execution logs
analysis/revision/results/set20_reaggregation/logs/gan_residual_24196912_77.log	0.000	log	execution logs
analysis/revision/results/set20_reaggregation/logs/gan_residual_24196912_78.log	0.000	log	execution logs
analysis/revision/results/set20_reaggregation/logs/gan_residual_24196912_79.log	0.000	log	execution logs
analysis/revision/results/set20_reaggregation/logs/gan_residual_24196912_8.log	0.000	log	execution logs
analysis/revision/results/set20_reaggregation/logs/gan_residual_24196912_80.log	0.000	log	execution logs
analysis/revision/results/set20_reaggregation/logs/gan_residual_24196912_81.log	0.000	log	execution logs
analysis/revision/results/set20_reaggregation/logs/gan_residual_24196912_82.log	0.000	log	execution logs
analysis/revision/results/set20_reaggregation/logs/gan_residual_24196912_83.log	0.000	log	execution logs
analysis/revision/results/set20_reaggregation/logs/gan_residual_24196912_84.log	0.000	log	execution logs
analysis/revision/results/set20_reaggregation/logs/gan_residual_24196912_85.log	0.000	log	execution logs
analysis/revision/results/set20_reaggregation/logs/gan_residual_24196912_86.log	0.000	log	execution logs
analysis/revision/results/set20_reaggregation/logs/gan_residual_24196912_87.log	0.000	log	execution logs
analysis/revision/results/set20_reaggregation/logs/gan_residual_24196912_88.log	0.000	log	execution logs
analysis/revision/results/set20_reaggregation/logs/gan_residual_24196912_89.log	0.000	log	execution logs
analysis/revision/results/set20_reaggregation/logs/gan_residual_24196912_9.log	0.000	log	execution logs
analysis/revision/results/set20_reaggregation/logs/gan_residual_24196912_90.log	0.000	log	execution logs
analysis/revision/results/set20_reaggregation/logs/gan_residual_24196912_91.log	0.000	log	execution logs
analysis/revision/results/set20_reaggregation/logs/gan_residual_24196912_92.log	0.000	log	execution logs
analysis/revision/results/set20_reaggregation/logs/gan_residual_24196912_93.log	0.000	log	execution logs
analysis/revision/results/set20_reaggregation/logs/gan_residual_24196912_94.log	0.000	log	execution logs
analysis/revision/results/set20_reaggregation/logs/gan_residual_24196912_95.log	0.000	log	execution logs
analysis/revision/results/set20_reaggregation/logs/gan_residual_24196912_96.log	0.000	log	execution logs
analysis/revision/results/set20_reaggregation/logs/gan_residual_24196912_97.log	0.000	log	execution logs
analysis/revision/results/set20_reaggregation/logs/gan_residual_24196912_98.log	0.000	log	execution logs
analysis/revision/results/set20_reaggregation/logs/gan_residual_24196912_99.log	0.000	log	execution logs
analysis/revision/results/uni_continued/logs/dose_24580665.log	0.000	log	execution logs
analysis/revision/results/uni_continued/logs/dosecheck_24580666.log	0.000	log	execution logs
analysis/revision/results/uni_continued/logs/embed_24532839.log	0.000	log	execution logs
analysis/revision/results/uni_continued/logs/embed_24534834.log	0.000	log	execution logs
analysis/revision/results/uni_continued/logs/embed_24534967.log	0.000	log	execution logs
analysis/revision/results/uni_continued/logs/embed_24539833.log	0.000	log	execution logs
analysis/revision/results/uni_continued/logs/embed_24580655.log	0.000	log	execution logs
analysis/revision/results/uni_continued/logs/metrics_24534835.log	0.000	log	execution logs
analysis/revision/results/uni_continued/logs/metrics_24534968.log	0.000	log	execution logs
analysis/revision/results/uni_continued/logs/metrics_24539834.log	0.000	log	execution logs
analysis/revision/results/uni_continued/logs/metrics_codecheck_24532851.log	0.000	log	execution logs
analysis/revision/results/uni_continued/logs/pretrain_24532807_0.log	0.000	log	execution logs
analysis/revision/results/uni_continued/logs/pretrain_24532840_0.log	0.000	log	execution logs
analysis/revision/results/uni_continued/logs/pretrain_24532840_1.log	0.000	log	execution logs
analysis/revision/results/uni_continued/logs/pretrain_24532840_2.log	0.000	log	execution logs
analysis/revision/results/uni_continued/logs/pretrain_24532840_3.log	0.000	log	execution logs
analysis/revision/results/uni_continued/logs/pretrain_24534833_1.log	0.000	log	execution logs
analysis/revision/results/uni_continued/logs/pretrain_24534944_0.log	0.000	log	execution logs
analysis/revision/results/uni_continued/logs/pretrain_24534966_0.log	0.000	log	execution logs
analysis/revision/results/uni_continued/logs/pretrain_24534966_1.log	0.000	log	execution logs
analysis/revision/results/uni_continued/logs/pretrain_24534966_2.log	0.000	log	execution logs
analysis/revision/results/uni_continued/logs/pretrain_24534966_3.log	0.000	log	execution logs
analysis/revision/results/uni_continued/logs/pretrain_24539832_0.log	0.000	log	execution logs
analysis/revision/results/uni_continued/logs/pretrain_24539832_1.log	0.000	log	execution logs
analysis/revision/results/uni_continued/logs/pretrain_24539832_2.log	0.000	log	execution logs
analysis/revision/results/uni_continued/logs/pretrain_24539832_3.log	0.000	log	execution logs
analysis/revision/results/uni_continued/logs/pretrain_24580653_0.log	0.000	log	execution logs
analysis/revision/results/uni_continued/logs/pretrain_24580653_1.log	0.000	log	execution logs
analysis/revision/results/uni_continued/logs/pretrain_24580653_2.log	0.000	log	execution logs
analysis/revision/results/uni_continued/logs/pretrain_24580653_3.log	0.000	log	execution logs
analysis/revision/results/uni_continued/logs/pretrain_24580653_4.log	0.000	log	execution logs
analysis/revision/results/uni_continued/logs/pretrain_24580653_5.log	0.000	log	execution logs
analysis/revision/results/uni_continued/logs/pretrain_24580653_6.log	0.000	log	execution logs
analysis/revision/results/uni_continued/logs/pretrain_24580654_0.log	0.000	log	execution logs
analysis/revision/results/uni_continued/logs/pretrain_24580654_1.log	0.000	log	execution logs
analysis/revision/results/uni_continued/logs/pretrain_24580654_2.log	0.000	log	execution logs
analysis/revision/results/uni_continued/logs/pretrain_24580654_3.log	0.000	log	execution logs
analysis/revision/results/uni_continued/logs/pretrain_24580654_4.log	0.000	log	execution logs
analysis/revision/results/uni_continued/logs/pretrain_24580654_5.log	0.000	log	execution logs
analysis/revision/results/uni_continued/logs/pretrain_24580654_6.log	0.000	log	execution logs
analysis/revision/results/band_manipulation_set20/logs/aggregate_24196842.log	0.000	log	execution logs
analysis/revision/results/band_manipulation_set20/logs/aggregate_24199911.log	0.000	log	execution logs
analysis/revision/results/band_manipulation_set20/logs/features_24196201_0.log	0.000	log	execution logs
analysis/revision/results/band_manipulation_set20/logs/features_24196447_0.log	0.000	log	execution logs
analysis/revision/results/band_manipulation_set20/logs/features_24196447_1.log	0.000	log	execution logs
analysis/revision/results/band_manipulation_set20/logs/features_24196447_10.log	0.000	log	execution logs
analysis/revision/results/band_manipulation_set20/logs/features_24196447_11.log	0.000	log	execution logs
analysis/revision/results/band_manipulation_set20/logs/features_24196447_12.log	0.000	log	execution logs
analysis/revision/results/band_manipulation_set20/logs/features_24196447_13.log	0.000	log	execution logs
analysis/revision/results/band_manipulation_set20/logs/features_24196447_14.log	0.000	log	execution logs
analysis/revision/results/band_manipulation_set20/logs/features_24196447_15.log	0.000	log	execution logs
analysis/revision/results/band_manipulation_set20/logs/features_24196447_16.log	0.000	log	execution logs
analysis/revision/results/band_manipulation_set20/logs/features_24196447_17.log	0.000	log	execution logs
analysis/revision/results/band_manipulation_set20/logs/features_24196447_18.log	0.000	log	execution logs
analysis/revision/results/band_manipulation_set20/logs/features_24196447_19.log	0.000	log	execution logs
analysis/revision/results/band_manipulation_set20/logs/features_24196447_2.log	0.000	log	execution logs
analysis/revision/results/band_manipulation_set20/logs/features_24196447_20.log	0.000	log	execution logs
analysis/revision/results/band_manipulation_set20/logs/features_24196447_3.log	0.000	log	execution logs
analysis/revision/results/band_manipulation_set20/logs/features_24196447_4.log	0.000	log	execution logs
analysis/revision/results/band_manipulation_set20/logs/features_24196447_5.log	0.000	log	execution logs
analysis/revision/results/band_manipulation_set20/logs/features_24196447_6.log	0.000	log	execution logs
analysis/revision/results/band_manipulation_set20/logs/features_24196447_7.log	0.000	log	execution logs
analysis/revision/results/band_manipulation_set20/logs/features_24196447_8.log	0.000	log	execution logs
analysis/revision/results/band_manipulation_set20/logs/features_24196447_9.log	0.000	log	execution logs
analysis/revision/results/gain_tissue_dependence/logs/rv09_24197482_0.log	0.000	log	execution logs
analysis/revision/results/gain_tissue_dependence/logs/rv09_24197482_1.log	0.000	log	execution logs
analysis/revision/results/gain_tissue_dependence/logs/rv09_24197482_2.log	0.000	log	execution logs
analysis/revision/results/gain_tissue_dependence/logs/rv09_24197483_4294967294.log	0.000	log	execution logs
analysis/revision/results/gain_tissue_dependence/logs/rv09_24198234_4294967294.log	0.000	log	execution logs
analysis/revision/results/gain_tissue_dependence/logs/rv09_24211443_0.log	0.000	log	execution logs
analysis/revision/results/gain_tissue_dependence/logs/rv09_24211443_1.log	0.000	log	execution logs
analysis/revision/results/gain_tissue_dependence/logs/rv09_24211443_10.log	0.000	log	execution logs
analysis/revision/results/gain_tissue_dependence/logs/rv09_24211443_11.log	0.000	log	execution logs
analysis/revision/results/gain_tissue_dependence/logs/rv09_24211443_12.log	0.000	log	execution logs
analysis/revision/results/gain_tissue_dependence/logs/rv09_24211443_13.log	0.000	log	execution logs
analysis/revision/results/gain_tissue_dependence/logs/rv09_24211443_14.log	0.000	log	execution logs
analysis/revision/results/gain_tissue_dependence/logs/rv09_24211443_15.log	0.000	log	execution logs
analysis/revision/results/gain_tissue_dependence/logs/rv09_24211443_16.log	0.000	log	execution logs
analysis/revision/results/gain_tissue_dependence/logs/rv09_24211443_17.log	0.000	log	execution logs
analysis/revision/results/gain_tissue_dependence/logs/rv09_24211443_18.log	0.000	log	execution logs
analysis/revision/results/gain_tissue_dependence/logs/rv09_24211443_19.log	0.000	log	execution logs
analysis/revision/results/gain_tissue_dependence/logs/rv09_24211443_2.log	0.000	log	execution logs
analysis/revision/results/gain_tissue_dependence/logs/rv09_24211443_3.log	0.000	log	execution logs
analysis/revision/results/gain_tissue_dependence/logs/rv09_24211443_4.log	0.000	log	execution logs
analysis/revision/results/gain_tissue_dependence/logs/rv09_24211443_5.log	0.000	log	execution logs
analysis/revision/results/gain_tissue_dependence/logs/rv09_24211443_6.log	0.000	log	execution logs
analysis/revision/results/gain_tissue_dependence/logs/rv09_24211443_7.log	0.000	log	execution logs
analysis/revision/results/gain_tissue_dependence/logs/rv09_24211443_8.log	0.000	log	execution logs
analysis/revision/results/gain_tissue_dependence/logs/rv09_24211443_9.log	0.000	log	execution logs
analysis/revision/results/gain_tissue_dependence/logs/rv09_24211444_4294967294.log	0.000	log	execution logs
analysis/revision/results/sensitivity_robustness/logs/.mpl	0.000	log	execution logs
analysis/revision/results/sensitivity_robustness/logs/rv14_24240367.log	0.000	log	execution logs
analysis/revision/results/sensitivity_robustness/logs/rv14_24240405.log	0.000	log	execution logs
analysis/revision/results/sensitivity_robustness/logs/rv14_24240439.log	0.000	log	execution logs
analysis/revision/results/sensitivity_robustness/logs/rv14_24240465.log	0.000	log	execution logs
analysis/revision/results/sensitivity_robustness/logs/rv14_24240491.log	0.000	log	execution logs
analysis/revision/results/sensitivity_robustness/logs/rv14_24240531.log	0.000	log	execution logs
analysis/revision/results/sensitivity_robustness/logs/rv14_24240555.log	0.000	log	execution logs
analysis/revision/results/blur_sharpen_set20/logs/aggregate_24196841.log	0.000	log	execution logs
analysis/revision/results/blur_sharpen_set20/logs/aggregate_24199189.log	0.000	log	execution logs
analysis/revision/results/blur_sharpen_set20/logs/features_24196025_0.log	0.000	log	execution logs
analysis/revision/results/blur_sharpen_set20/logs/features_24196202_0.log	0.000	log	execution logs
analysis/revision/results/blur_sharpen_set20/logs/features_24196202_1.log	0.000	log	execution logs
analysis/revision/results/blur_sharpen_set20/logs/features_24196202_2.log	0.000	log	execution logs
analysis/revision/results/blur_sharpen_set20/logs/features_24196202_3.log	0.000	log	execution logs
analysis/revision/results/blur_sharpen_set20/logs/features_24196202_4.log	0.000	log	execution logs
analysis/revision/results/blur_sharpen_set20/logs/features_24196202_5.log	0.000	log	execution logs
analysis/revision/results/blur_sharpen_set20/logs/features_24196202_6.log	0.000	log	execution logs
analysis/revision/results/blur_sharpen_set20/logs/features_24196202_7.log	0.000	log	execution logs
analysis/revision/results/virchow2_continued/logs/dose_24582365.log	0.000	log	execution logs
analysis/revision/results/virchow2_continued/logs/embed_24582364.log	0.000	log	execution logs
analysis/revision/results/virchow2_continued/logs/pretrain_24582362_0.log	0.000	log	execution logs
analysis/revision/results/virchow2_continued/logs/pretrain_24582362_1.log	0.000	log	execution logs
analysis/revision/results/virchow2_continued/logs/pretrain_24582362_2.log	0.000	log	execution logs
analysis/revision/results/virchow2_continued/logs/pretrain_24582362_3.log	0.000	log	execution logs
analysis/revision/results/virchow2_continued/logs/pretrain_24582362_4.log	0.000	log	execution logs
analysis/revision/results/virchow2_continued/logs/pretrain_24582362_5.log	0.000	log	execution logs
analysis/revision/results/virchow2_continued/logs/pretrain_24582363_0.log	0.000	log	execution logs
analysis/revision/results/virchow2_continued/logs/pretrain_24582363_1.log	0.000	log	execution logs
analysis/revision/results/virchow2_continued/logs/pretrain_24582363_2.log	0.000	log	execution logs
analysis/revision/results/virchow2_continued/logs/pretrain_24582363_3.log	0.000	log	execution logs
analysis/revision/results/virchow2_continued/logs/pretrain_24582363_4.log	0.000	log	execution logs
analysis/revision/results/virchow2_continued/logs/pretrain_24582363_5.log	0.000	log	execution logs
analysis/revision/results/virchow2_continued/logs/smoke_24582302_0.log	0.000	log	execution logs
analysis/revision/results/virchow2_continued/logs/smoke_24582309_0.log	0.000	log	execution logs
analysis/revision/results/summary_figure/logs/.mpl	0.000	log	execution logs
analysis/revision/results/summary_figure/logs/rv07_24246617.log	0.000	log	execution logs
analysis/revision/results/summary_figure/logs/rv07_24246622.log	0.000	log	execution logs
analysis/revision/results/summary_figure/logs/rv07_24246624.log	0.000	log	execution logs
analysis/revision/results/summary_figure/logs/rv07_24246626.log	0.000	log	execution logs
analysis/revision/results/manuscript_figures/logs/.mpl	0.000	log	execution logs
analysis/revision/results/manuscript_figures/logs/assets_rebuild_24611631.log	0.000	log	execution logs
analysis/revision/results/manuscript_figures/logs/assets_rebuild_24611906.log	0.000	log	execution logs
analysis/revision/results/manuscript_figures/logs/augmentation_trajectories_24241827.log	0.000	log	execution logs
analysis/revision/results/manuscript_figures/logs/augmentation_trajectories_24241934.log	0.000	log	execution logs
analysis/revision/results/manuscript_figures/logs/augmentation_trajectories_24241950.log	0.000	log	execution logs
analysis/revision/results/manuscript_figures/logs/augmentation_trajectories_24241958.log	0.000	log	execution logs
analysis/revision/results/manuscript_figures/logs/band_build_24611769.log	0.000	log	execution logs
analysis/revision/results/manuscript_figures/logs/band_sensitivity_24241828.log	0.000	log	execution logs
analysis/revision/results/manuscript_figures/logs/band_sensitivity_24241959.log	0.000	log	execution logs
analysis/revision/results/manuscript_figures/logs/fig_fix_24611679.log	0.000	log	execution logs
analysis/revision/results/manuscript_figures/logs/figures_before.txt	0.000	log	execution logs
analysis/revision/results/manuscript_figures/logs/final_build_24611948.log	0.000	log	execution logs
analysis/revision/results/manuscript_figures/logs/final_build_24611999.log	0.000	log	execution logs
analysis/revision/results/manuscript_figures/logs/final_build_24612017.log	0.000	log	execution logs
analysis/revision/results/manuscript_figures/logs/phenotype_transfer_24241826.log	0.000	log	execution logs
analysis/revision/results/manuscript_figures/logs/phenotype_transfer_24241933.log	0.000	log	execution logs
analysis/revision/results/manuscript_figures/logs/phenotype_transfer_24241949.log	0.000	log	execution logs
analysis/revision/results/manuscript_figures/logs/phenotype_transfer_24241957.log	0.000	log	execution logs
analysis/revision/results/manuscript_figures/logs/phenotype_transfer_24611927.log	0.000	log	execution logs
analysis/revision/results/manuscript_figures/logs/pretraining_composition_24600237.log	0.000	log	execution logs
analysis/revision/results/manuscript_figures/logs/pretraining_composition_24600378.log	0.000	log	execution logs
analysis/revision/results/manuscript_figures/logs/pretraining_composition_24600517.log	0.000	log	execution logs
analysis/revision/results/manuscript_figures/logs/pretraining_composition_24600790.log	0.000	log	execution logs
analysis/revision/results/manuscript_figures/logs/pretraining_composition_24601576.log	0.000	log	execution logs
analysis/revision/results/manuscript_figures/logs/pretraining_composition_24602035.log	0.000	log	execution logs
analysis/revision/results/manuscript_figures/logs/pretraining_composition_24603259.log	0.000	log	execution logs
analysis/revision/results/manuscript_figures/logs/pretraining_composition_24603321.log	0.000	log	execution logs
analysis/revision/results/scanner_tissue_interaction/logs/rv11_24237382.log	0.000	log	execution logs
analysis/revision/results/scanner_tissue_interaction/logs/rv11_24237412.log	0.000	log	execution logs
analysis/revision/results/scanner_tissue_interaction/logs/rv11_24237418.log	0.000	log	execution logs
analysis/revision/results/anchor_frequency_diversity/logs/embed_24238408_0.log	0.000	log	execution logs
analysis/revision/results/anchor_frequency_diversity/logs/embed_24238701_0.log	0.000	log	execution logs
analysis/revision/results/anchor_frequency_diversity/logs/embed_24238717_0.log	0.000	log	execution logs
analysis/revision/results/anchor_frequency_diversity/logs/embed_24238819_0.log	0.000	log	execution logs
analysis/revision/results/anchor_frequency_diversity/logs/embed_24238885_0.log	0.000	log	execution logs
analysis/revision/results/anchor_frequency_diversity/logs/embed_24238885_1.log	0.000	log	execution logs
analysis/revision/results/anchor_frequency_diversity/logs/embed_24238885_10.log	0.000	log	execution logs
analysis/revision/results/anchor_frequency_diversity/logs/embed_24238885_11.log	0.000	log	execution logs
analysis/revision/results/anchor_frequency_diversity/logs/embed_24238885_2.log	0.000	log	execution logs
analysis/revision/results/anchor_frequency_diversity/logs/embed_24238885_3.log	0.000	log	execution logs
analysis/revision/results/anchor_frequency_diversity/logs/embed_24238885_4.log	0.000	log	execution logs
analysis/revision/results/anchor_frequency_diversity/logs/embed_24238885_5.log	0.000	log	execution logs
analysis/revision/results/anchor_frequency_diversity/logs/embed_24238885_6.log	0.000	log	execution logs
analysis/revision/results/anchor_frequency_diversity/logs/embed_24238885_7.log	0.000	log	execution logs
analysis/revision/results/anchor_frequency_diversity/logs/embed_24238885_8.log	0.000	log	execution logs
analysis/revision/results/anchor_frequency_diversity/logs/embed_24238885_9.log	0.000	log	execution logs
analysis/revision/results/anchor_frequency_diversity/logs/metrics_24238595_0.log	0.000	log	execution logs
analysis/revision/results/anchor_frequency_diversity/logs/metrics_24238595_1.log	0.000	log	execution logs
analysis/revision/results/anchor_frequency_diversity/logs/metrics_24238595_10.log	0.000	log	execution logs
analysis/revision/results/anchor_frequency_diversity/logs/metrics_24238595_11.log	0.000	log	execution logs
analysis/revision/results/anchor_frequency_diversity/logs/metrics_24238595_2.log	0.000	log	execution logs
analysis/revision/results/anchor_frequency_diversity/logs/metrics_24238595_3.log	0.000	log	execution logs
analysis/revision/results/anchor_frequency_diversity/logs/metrics_24238595_4.log	0.000	log	execution logs
analysis/revision/results/anchor_frequency_diversity/logs/metrics_24238595_5.log	0.000	log	execution logs
analysis/revision/results/anchor_frequency_diversity/logs/metrics_24238595_6.log	0.000	log	execution logs
analysis/revision/results/anchor_frequency_diversity/logs/metrics_24238595_7.log	0.000	log	execution logs
analysis/revision/results/anchor_frequency_diversity/logs/metrics_24238595_8.log	0.000	log	execution logs
analysis/revision/results/anchor_frequency_diversity/logs/metrics_24238595_9.log	0.000	log	execution logs
analysis/revision/results/anchor_frequency_diversity/logs/metrics_24238886_12.log	0.000	log	execution logs
analysis/revision/results/anchor_frequency_diversity/logs/metrics_24238886_13.log	0.000	log	execution logs
analysis/revision/results/anchor_frequency_diversity/logs/metrics_24238886_14.log	0.000	log	execution logs
analysis/revision/results/anchor_frequency_diversity/logs/metrics_24238886_15.log	0.000	log	execution logs
analysis/revision/results/anchor_frequency_diversity/logs/metrics_24238886_16.log	0.000	log	execution logs
analysis/revision/results/anchor_frequency_diversity/logs/metrics_24238886_17.log	0.000	log	execution logs
analysis/revision/results/anchor_frequency_diversity/logs/metrics_24238886_18.log	0.000	log	execution logs
analysis/revision/results/anchor_frequency_diversity/logs/metrics_24238886_19.log	0.000	log	execution logs
analysis/revision/results/anchor_frequency_diversity/logs/metrics_24238886_20.log	0.000	log	execution logs
analysis/revision/results/anchor_frequency_diversity/logs/metrics_24238886_21.log	0.000	log	execution logs
analysis/revision/results/anchor_frequency_diversity/logs/metrics_24238886_22.log	0.000	log	execution logs
analysis/revision/results/anchor_frequency_diversity/logs/metrics_24238886_23.log	0.000	log	execution logs
analysis/revision/results/anchor_frequency_diversity/logs/metrics_24238886_24.log	0.000	log	execution logs
analysis/revision/results/anchor_frequency_diversity/logs/metrics_24238886_25.log	0.000	log	execution logs
analysis/revision/results/anchor_frequency_diversity/logs/metrics_24238886_26.log	0.000	log	execution logs
analysis/revision/results/anchor_frequency_diversity/logs/metrics_24238886_27.log	0.000	log	execution logs
analysis/revision/results/anchor_frequency_diversity/logs/metrics_24238886_28.log	0.000	log	execution logs
analysis/revision/results/anchor_frequency_diversity/logs/metrics_24238886_29.log	0.000	log	execution logs
analysis/revision/results/anchor_frequency_diversity/logs/metrics_24238886_30.log	0.000	log	execution logs
analysis/revision/results/anchor_frequency_diversity/logs/metrics_24238886_31.log	0.000	log	execution logs
analysis/revision/results/anchor_frequency_diversity/logs/metrics_24238886_32.log	0.000	log	execution logs
analysis/revision/results/anchor_frequency_diversity/logs/metrics_24238886_33.log	0.000	log	execution logs
analysis/revision/results/anchor_frequency_diversity/logs/metrics_24238886_34.log	0.000	log	execution logs
analysis/revision/results/anchor_frequency_diversity/logs/metrics_24238886_35.log	0.000	log	execution logs
analysis/revision/results/anchor_frequency_diversity/logs/metrics_24238886_36.log	0.000	log	execution logs
analysis/revision/results/anchor_frequency_diversity/logs/metrics_24238886_37.log	0.000	log	execution logs
analysis/revision/results/anchor_frequency_diversity/logs/metrics_24238886_38.log	0.000	log	execution logs
analysis/revision/results/anchor_frequency_diversity/logs/metrics_24238889_4294967294.log	0.000	log	execution logs
analysis/revision/results/anchor_frequency_diversity/logs/metrics_24240125_4294967294.log	0.000	log	execution logs
analysis/revision/results/anchor_frequency_diversity/logs/metrics_24240149_4294967294.log	0.000	log	execution logs
analysis/revision/results/anchor_frequency_diversity/logs/parity_24238407.log	0.000	log	execution logs
analysis/revision/results/anchor_frequency_diversity/logs/parity_24238700.log	0.000	log	execution logs
analysis/revision/results/resampling_robustness/logs/aggregate_24199641.log	0.000	log	execution logs
analysis/revision/results/resampling_robustness/logs/aggregate_24200813.log	0.000	log	execution logs
analysis/revision/results/resampling_robustness/logs/geometry_24196368_0.log	0.000	log	execution logs
analysis/revision/results/resampling_robustness/logs/geometry_24196581_1.log	0.000	log	execution logs
analysis/revision/results/resampling_robustness/logs/geometry_24196581_10.log	0.000	log	execution logs
analysis/revision/results/resampling_robustness/logs/geometry_24196581_100.log	0.000	log	execution logs
analysis/revision/results/resampling_robustness/logs/geometry_24196581_101.log	0.000	log	execution logs
analysis/revision/results/resampling_robustness/logs/geometry_24196581_102.log	0.000	log	execution logs
analysis/revision/results/resampling_robustness/logs/geometry_24196581_11.log	0.000	log	execution logs
analysis/revision/results/resampling_robustness/logs/geometry_24196581_12.log	0.000	log	execution logs
analysis/revision/results/resampling_robustness/logs/geometry_24196581_13.log	0.000	log	execution logs
analysis/revision/results/resampling_robustness/logs/geometry_24196581_14.log	0.000	log	execution logs
analysis/revision/results/resampling_robustness/logs/geometry_24196581_15.log	0.000	log	execution logs
analysis/revision/results/resampling_robustness/logs/geometry_24196581_16.log	0.000	log	execution logs
analysis/revision/results/resampling_robustness/logs/geometry_24196581_17.log	0.000	log	execution logs
analysis/revision/results/resampling_robustness/logs/geometry_24196581_18.log	0.000	log	execution logs
analysis/revision/results/resampling_robustness/logs/geometry_24196581_19.log	0.000	log	execution logs
analysis/revision/results/resampling_robustness/logs/geometry_24196581_2.log	0.000	log	execution logs
analysis/revision/results/resampling_robustness/logs/geometry_24196581_20.log	0.000	log	execution logs
analysis/revision/results/resampling_robustness/logs/geometry_24196581_21.log	0.000	log	execution logs
analysis/revision/results/resampling_robustness/logs/geometry_24196581_22.log	0.000	log	execution logs
analysis/revision/results/resampling_robustness/logs/geometry_24196581_23.log	0.000	log	execution logs
analysis/revision/results/resampling_robustness/logs/geometry_24196581_24.log	0.000	log	execution logs
analysis/revision/results/resampling_robustness/logs/geometry_24196581_25.log	0.000	log	execution logs
analysis/revision/results/resampling_robustness/logs/geometry_24196581_26.log	0.000	log	execution logs
analysis/revision/results/resampling_robustness/logs/geometry_24196581_27.log	0.000	log	execution logs
analysis/revision/results/resampling_robustness/logs/geometry_24196581_28.log	0.000	log	execution logs
analysis/revision/results/resampling_robustness/logs/geometry_24196581_29.log	0.000	log	execution logs
analysis/revision/results/resampling_robustness/logs/geometry_24196581_3.log	0.000	log	execution logs
analysis/revision/results/resampling_robustness/logs/geometry_24196581_30.log	0.000	log	execution logs
analysis/revision/results/resampling_robustness/logs/geometry_24196581_31.log	0.000	log	execution logs
analysis/revision/results/resampling_robustness/logs/geometry_24196581_32.log	0.000	log	execution logs
analysis/revision/results/resampling_robustness/logs/geometry_24196581_33.log	0.000	log	execution logs
analysis/revision/results/resampling_robustness/logs/geometry_24196581_34.log	0.000	log	execution logs
analysis/revision/results/resampling_robustness/logs/geometry_24196581_35.log	0.000	log	execution logs
analysis/revision/results/resampling_robustness/logs/geometry_24196581_36.log	0.000	log	execution logs
analysis/revision/results/resampling_robustness/logs/geometry_24196581_37.log	0.000	log	execution logs
analysis/revision/results/resampling_robustness/logs/geometry_24196581_38.log	0.000	log	execution logs
analysis/revision/results/resampling_robustness/logs/geometry_24196581_39.log	0.000	log	execution logs
analysis/revision/results/resampling_robustness/logs/geometry_24196581_4.log	0.000	log	execution logs
analysis/revision/results/resampling_robustness/logs/geometry_24196581_40.log	0.000	log	execution logs
analysis/revision/results/resampling_robustness/logs/geometry_24196581_41.log	0.000	log	execution logs
analysis/revision/results/resampling_robustness/logs/geometry_24196581_42.log	0.000	log	execution logs
analysis/revision/results/resampling_robustness/logs/geometry_24196581_43.log	0.000	log	execution logs
analysis/revision/results/resampling_robustness/logs/geometry_24196581_44.log	0.000	log	execution logs
analysis/revision/results/resampling_robustness/logs/geometry_24196581_45.log	0.000	log	execution logs
analysis/revision/results/resampling_robustness/logs/geometry_24196581_46.log	0.000	log	execution logs
analysis/revision/results/resampling_robustness/logs/geometry_24196581_47.log	0.000	log	execution logs
analysis/revision/results/resampling_robustness/logs/geometry_24196581_48.log	0.000	log	execution logs
analysis/revision/results/resampling_robustness/logs/geometry_24196581_49.log	0.000	log	execution logs
analysis/revision/results/resampling_robustness/logs/geometry_24196581_5.log	0.000	log	execution logs
analysis/revision/results/resampling_robustness/logs/geometry_24196581_50.log	0.000	log	execution logs
analysis/revision/results/resampling_robustness/logs/geometry_24196581_51.log	0.000	log	execution logs
analysis/revision/results/resampling_robustness/logs/geometry_24196581_52.log	0.000	log	execution logs
analysis/revision/results/resampling_robustness/logs/geometry_24196581_53.log	0.000	log	execution logs
analysis/revision/results/resampling_robustness/logs/geometry_24196581_54.log	0.000	log	execution logs
analysis/revision/results/resampling_robustness/logs/geometry_24196581_55.log	0.000	log	execution logs
analysis/revision/results/resampling_robustness/logs/geometry_24196581_56.log	0.000	log	execution logs
analysis/revision/results/resampling_robustness/logs/geometry_24196581_57.log	0.000	log	execution logs
analysis/revision/results/resampling_robustness/logs/geometry_24196581_58.log	0.000	log	execution logs
analysis/revision/results/resampling_robustness/logs/geometry_24196581_59.log	0.000	log	execution logs
analysis/revision/results/resampling_robustness/logs/geometry_24196581_6.log	0.000	log	execution logs
analysis/revision/results/resampling_robustness/logs/geometry_24196581_60.log	0.000	log	execution logs
analysis/revision/results/resampling_robustness/logs/geometry_24196581_61.log	0.000	log	execution logs
analysis/revision/results/resampling_robustness/logs/geometry_24196581_62.log	0.000	log	execution logs
analysis/revision/results/resampling_robustness/logs/geometry_24196581_63.log	0.000	log	execution logs
analysis/revision/results/resampling_robustness/logs/geometry_24196581_64.log	0.000	log	execution logs
analysis/revision/results/resampling_robustness/logs/geometry_24196581_65.log	0.000	log	execution logs
analysis/revision/results/resampling_robustness/logs/geometry_24196581_66.log	0.000	log	execution logs
analysis/revision/results/resampling_robustness/logs/geometry_24196581_67.log	0.000	log	execution logs
analysis/revision/results/resampling_robustness/logs/geometry_24196581_68.log	0.000	log	execution logs
analysis/revision/results/resampling_robustness/logs/geometry_24196581_69.log	0.000	log	execution logs
analysis/revision/results/resampling_robustness/logs/geometry_24196581_7.log	0.000	log	execution logs
analysis/revision/results/resampling_robustness/logs/geometry_24196581_70.log	0.000	log	execution logs
analysis/revision/results/resampling_robustness/logs/geometry_24196581_71.log	0.000	log	execution logs
analysis/revision/results/resampling_robustness/logs/geometry_24196581_72.log	0.000	log	execution logs
analysis/revision/results/resampling_robustness/logs/geometry_24196581_73.log	0.000	log	execution logs
analysis/revision/results/resampling_robustness/logs/geometry_24196581_74.log	0.000	log	execution logs
analysis/revision/results/resampling_robustness/logs/geometry_24196581_75.log	0.000	log	execution logs
analysis/revision/results/resampling_robustness/logs/geometry_24196581_76.log	0.000	log	execution logs
analysis/revision/results/resampling_robustness/logs/geometry_24196581_77.log	0.000	log	execution logs
analysis/revision/results/resampling_robustness/logs/geometry_24196581_78.log	0.000	log	execution logs
analysis/revision/results/resampling_robustness/logs/geometry_24196581_79.log	0.000	log	execution logs
analysis/revision/results/resampling_robustness/logs/geometry_24196581_8.log	0.000	log	execution logs
analysis/revision/results/resampling_robustness/logs/geometry_24196581_80.log	0.000	log	execution logs
analysis/revision/results/resampling_robustness/logs/geometry_24196581_81.log	0.000	log	execution logs
analysis/revision/results/resampling_robustness/logs/geometry_24196581_82.log	0.000	log	execution logs
analysis/revision/results/resampling_robustness/logs/geometry_24196581_83.log	0.000	log	execution logs
analysis/revision/results/resampling_robustness/logs/geometry_24196581_84.log	0.000	log	execution logs
analysis/revision/results/resampling_robustness/logs/geometry_24196581_85.log	0.000	log	execution logs
analysis/revision/results/resampling_robustness/logs/geometry_24196581_86.log	0.000	log	execution logs
analysis/revision/results/resampling_robustness/logs/geometry_24196581_87.log	0.000	log	execution logs
analysis/revision/results/resampling_robustness/logs/geometry_24196581_88.log	0.000	log	execution logs
analysis/revision/results/resampling_robustness/logs/geometry_24196581_89.log	0.000	log	execution logs
analysis/revision/results/resampling_robustness/logs/geometry_24196581_9.log	0.000	log	execution logs
analysis/revision/results/resampling_robustness/logs/geometry_24196581_90.log	0.000	log	execution logs
analysis/revision/results/resampling_robustness/logs/geometry_24196581_91.log	0.000	log	execution logs
analysis/revision/results/resampling_robustness/logs/geometry_24196581_92.log	0.000	log	execution logs
analysis/revision/results/resampling_robustness/logs/geometry_24196581_93.log	0.000	log	execution logs
analysis/revision/results/resampling_robustness/logs/geometry_24196581_94.log	0.000	log	execution logs
analysis/revision/results/resampling_robustness/logs/geometry_24196581_95.log	0.000	log	execution logs
analysis/revision/results/resampling_robustness/logs/geometry_24196581_96.log	0.000	log	execution logs
analysis/revision/results/resampling_robustness/logs/geometry_24196581_97.log	0.000	log	execution logs
analysis/revision/results/resampling_robustness/logs/geometry_24196581_98.log	0.000	log	execution logs
analysis/revision/results/resampling_robustness/logs/geometry_24196581_99.log	0.000	log	execution logs
analysis/revision/results/resampling_robustness/logs/geometry_24196582_0.log	0.000	log	execution logs
analysis/revision/results/resampling_robustness/logs/render_24197337_0.log	0.000	log	execution logs
analysis/revision/results/resampling_robustness/logs/render_24197639_1.log	0.000	log	execution logs
analysis/revision/results/resampling_robustness/logs/render_24197639_10.log	0.000	log	execution logs
analysis/revision/results/resampling_robustness/logs/render_24197639_100.log	0.000	log	execution logs
analysis/revision/results/resampling_robustness/logs/render_24197639_101.log	0.000	log	execution logs
analysis/revision/results/resampling_robustness/logs/render_24197639_102.log	0.000	log	execution logs
analysis/revision/results/resampling_robustness/logs/render_24197639_11.log	0.000	log	execution logs
analysis/revision/results/resampling_robustness/logs/render_24197639_12.log	0.000	log	execution logs
analysis/revision/results/resampling_robustness/logs/render_24197639_13.log	0.000	log	execution logs
analysis/revision/results/resampling_robustness/logs/render_24197639_14.log	0.000	log	execution logs
analysis/revision/results/resampling_robustness/logs/render_24197639_15.log	0.000	log	execution logs
analysis/revision/results/resampling_robustness/logs/render_24197639_16.log	0.000	log	execution logs
analysis/revision/results/resampling_robustness/logs/render_24197639_17.log	0.000	log	execution logs
analysis/revision/results/resampling_robustness/logs/render_24197639_18.log	0.000	log	execution logs
analysis/revision/results/resampling_robustness/logs/render_24197639_19.log	0.000	log	execution logs
analysis/revision/results/resampling_robustness/logs/render_24197639_2.log	0.000	log	execution logs
analysis/revision/results/resampling_robustness/logs/render_24197639_20.log	0.000	log	execution logs
analysis/revision/results/resampling_robustness/logs/render_24197639_21.log	0.000	log	execution logs
analysis/revision/results/resampling_robustness/logs/render_24197639_22.log	0.000	log	execution logs
analysis/revision/results/resampling_robustness/logs/render_24197639_23.log	0.000	log	execution logs
analysis/revision/results/resampling_robustness/logs/render_24197639_24.log	0.000	log	execution logs
analysis/revision/results/resampling_robustness/logs/render_24197639_25.log	0.000	log	execution logs
analysis/revision/results/resampling_robustness/logs/render_24197639_26.log	0.000	log	execution logs
analysis/revision/results/resampling_robustness/logs/render_24197639_27.log	0.000	log	execution logs
analysis/revision/results/resampling_robustness/logs/render_24197639_28.log	0.000	log	execution logs
analysis/revision/results/resampling_robustness/logs/render_24197639_29.log	0.000	log	execution logs
analysis/revision/results/resampling_robustness/logs/render_24197639_3.log	0.000	log	execution logs
analysis/revision/results/resampling_robustness/logs/render_24197639_30.log	0.000	log	execution logs
analysis/revision/results/resampling_robustness/logs/render_24197639_31.log	0.000	log	execution logs
analysis/revision/results/resampling_robustness/logs/render_24197639_32.log	0.000	log	execution logs
analysis/revision/results/resampling_robustness/logs/render_24197639_33.log	0.000	log	execution logs
analysis/revision/results/resampling_robustness/logs/render_24197639_34.log	0.000	log	execution logs
analysis/revision/results/resampling_robustness/logs/render_24197639_35.log	0.000	log	execution logs
analysis/revision/results/resampling_robustness/logs/render_24197639_36.log	0.000	log	execution logs
analysis/revision/results/resampling_robustness/logs/render_24197639_37.log	0.000	log	execution logs
analysis/revision/results/resampling_robustness/logs/render_24197639_38.log	0.000	log	execution logs
analysis/revision/results/resampling_robustness/logs/render_24197639_39.log	0.000	log	execution logs
analysis/revision/results/resampling_robustness/logs/render_24197639_4.log	0.000	log	execution logs
analysis/revision/results/resampling_robustness/logs/render_24197639_40.log	0.000	log	execution logs
analysis/revision/results/resampling_robustness/logs/render_24197639_41.log	0.000	log	execution logs
analysis/revision/results/resampling_robustness/logs/render_24197639_42.log	0.000	log	execution logs
analysis/revision/results/resampling_robustness/logs/render_24197639_43.log	0.000	log	execution logs
analysis/revision/results/resampling_robustness/logs/render_24197639_44.log	0.000	log	execution logs
analysis/revision/results/resampling_robustness/logs/render_24197639_45.log	0.000	log	execution logs
analysis/revision/results/resampling_robustness/logs/render_24197639_46.log	0.000	log	execution logs
analysis/revision/results/resampling_robustness/logs/render_24197639_47.log	0.000	log	execution logs
analysis/revision/results/resampling_robustness/logs/render_24197639_48.log	0.000	log	execution logs
analysis/revision/results/resampling_robustness/logs/render_24197639_49.log	0.000	log	execution logs
analysis/revision/results/resampling_robustness/logs/render_24197639_5.log	0.000	log	execution logs
analysis/revision/results/resampling_robustness/logs/render_24197639_50.log	0.000	log	execution logs
analysis/revision/results/resampling_robustness/logs/render_24197639_51.log	0.000	log	execution logs
analysis/revision/results/resampling_robustness/logs/render_24197639_52.log	0.000	log	execution logs
analysis/revision/results/resampling_robustness/logs/render_24197639_53.log	0.000	log	execution logs
analysis/revision/results/resampling_robustness/logs/render_24197639_54.log	0.000	log	execution logs
analysis/revision/results/resampling_robustness/logs/render_24197639_55.log	0.000	log	execution logs
analysis/revision/results/resampling_robustness/logs/render_24197639_56.log	0.000	log	execution logs
analysis/revision/results/resampling_robustness/logs/render_24197639_57.log	0.000	log	execution logs
analysis/revision/results/resampling_robustness/logs/render_24197639_58.log	0.000	log	execution logs
analysis/revision/results/resampling_robustness/logs/render_24197639_59.log	0.000	log	execution logs
analysis/revision/results/resampling_robustness/logs/render_24197639_6.log	0.000	log	execution logs
analysis/revision/results/resampling_robustness/logs/render_24197639_60.log	0.000	log	execution logs
analysis/revision/results/resampling_robustness/logs/render_24197639_61.log	0.000	log	execution logs
analysis/revision/results/resampling_robustness/logs/render_24197639_62.log	0.000	log	execution logs
analysis/revision/results/resampling_robustness/logs/render_24197639_63.log	0.000	log	execution logs
analysis/revision/results/resampling_robustness/logs/render_24197639_64.log	0.000	log	execution logs
analysis/revision/results/resampling_robustness/logs/render_24197639_65.log	0.000	log	execution logs
analysis/revision/results/resampling_robustness/logs/render_24197639_66.log	0.000	log	execution logs
analysis/revision/results/resampling_robustness/logs/render_24197639_67.log	0.000	log	execution logs
analysis/revision/results/resampling_robustness/logs/render_24197639_68.log	0.000	log	execution logs
analysis/revision/results/resampling_robustness/logs/render_24197639_69.log	0.000	log	execution logs
analysis/revision/results/resampling_robustness/logs/render_24197639_7.log	0.000	log	execution logs
analysis/revision/results/resampling_robustness/logs/render_24197639_70.log	0.000	log	execution logs
analysis/revision/results/resampling_robustness/logs/render_24197639_71.log	0.000	log	execution logs
analysis/revision/results/resampling_robustness/logs/render_24197639_72.log	0.000	log	execution logs
analysis/revision/results/resampling_robustness/logs/render_24197639_73.log	0.000	log	execution logs
analysis/revision/results/resampling_robustness/logs/render_24197639_74.log	0.000	log	execution logs
analysis/revision/results/resampling_robustness/logs/render_24197639_75.log	0.000	log	execution logs
analysis/revision/results/resampling_robustness/logs/render_24197639_76.log	0.000	log	execution logs
analysis/revision/results/resampling_robustness/logs/render_24197639_77.log	0.000	log	execution logs
analysis/revision/results/resampling_robustness/logs/render_24197639_78.log	0.000	log	execution logs
analysis/revision/results/resampling_robustness/logs/render_24197639_79.log	0.000	log	execution logs
analysis/revision/results/resampling_robustness/logs/render_24197639_8.log	0.000	log	execution logs
analysis/revision/results/resampling_robustness/logs/render_24197639_80.log	0.000	log	execution logs
analysis/revision/results/resampling_robustness/logs/render_24197639_81.log	0.000	log	execution logs
analysis/revision/results/resampling_robustness/logs/render_24197639_82.log	0.000	log	execution logs
analysis/revision/results/resampling_robustness/logs/render_24197639_83.log	0.000	log	execution logs
analysis/revision/results/resampling_robustness/logs/render_24197639_84.log	0.000	log	execution logs
analysis/revision/results/resampling_robustness/logs/render_24197639_85.log	0.000	log	execution logs
analysis/revision/results/resampling_robustness/logs/render_24197639_86.log	0.000	log	execution logs
analysis/revision/results/resampling_robustness/logs/render_24197639_87.log	0.000	log	execution logs
analysis/revision/results/resampling_robustness/logs/render_24197639_88.log	0.000	log	execution logs
analysis/revision/results/resampling_robustness/logs/render_24197639_89.log	0.000	log	execution logs
analysis/revision/results/resampling_robustness/logs/render_24197639_9.log	0.000	log	execution logs
analysis/revision/results/resampling_robustness/logs/render_24197639_90.log	0.000	log	execution logs
analysis/revision/results/resampling_robustness/logs/render_24197639_91.log	0.000	log	execution logs
analysis/revision/results/resampling_robustness/logs/render_24197639_92.log	0.000	log	execution logs
analysis/revision/results/resampling_robustness/logs/render_24197639_93.log	0.000	log	execution logs
analysis/revision/results/resampling_robustness/logs/render_24197639_94.log	0.000	log	execution logs
analysis/revision/results/resampling_robustness/logs/render_24197639_95.log	0.000	log	execution logs
analysis/revision/results/resampling_robustness/logs/render_24197639_96.log	0.000	log	execution logs
analysis/revision/results/resampling_robustness/logs/render_24197639_97.log	0.000	log	execution logs
analysis/revision/results/resampling_robustness/logs/render_24197639_98.log	0.000	log	execution logs
analysis/revision/results/resampling_robustness/logs/render_24197639_99.log	0.000	log	execution logs
analysis/revision/results/resampling_robustness/logs/uni_24199640_0.log	0.000	log	execution logs
analysis/revision/results/resampling_robustness/logs/uni_24199640_1.log	0.000	log	execution logs
analysis/revision/results/resampling_robustness/logs/uni_24199640_10.log	0.000	log	execution logs
analysis/revision/results/resampling_robustness/logs/uni_24199640_11.log	0.000	log	execution logs
analysis/revision/results/resampling_robustness/logs/uni_24199640_12.log	0.000	log	execution logs
analysis/revision/results/resampling_robustness/logs/uni_24199640_13.log	0.000	log	execution logs
analysis/revision/results/resampling_robustness/logs/uni_24199640_14.log	0.000	log	execution logs
analysis/revision/results/resampling_robustness/logs/uni_24199640_15.log	0.000	log	execution logs
analysis/revision/results/resampling_robustness/logs/uni_24199640_16.log	0.000	log	execution logs
analysis/revision/results/resampling_robustness/logs/uni_24199640_17.log	0.000	log	execution logs
analysis/revision/results/resampling_robustness/logs/uni_24199640_18.log	0.000	log	execution logs
analysis/revision/results/resampling_robustness/logs/uni_24199640_19.log	0.000	log	execution logs
analysis/revision/results/resampling_robustness/logs/uni_24199640_2.log	0.000	log	execution logs
analysis/revision/results/resampling_robustness/logs/uni_24199640_20.log	0.000	log	execution logs
analysis/revision/results/resampling_robustness/logs/uni_24199640_21.log	0.000	log	execution logs
analysis/revision/results/resampling_robustness/logs/uni_24199640_22.log	0.000	log	execution logs
analysis/revision/results/resampling_robustness/logs/uni_24199640_23.log	0.000	log	execution logs
analysis/revision/results/resampling_robustness/logs/uni_24199640_24.log	0.000	log	execution logs
analysis/revision/results/resampling_robustness/logs/uni_24199640_25.log	0.000	log	execution logs
analysis/revision/results/resampling_robustness/logs/uni_24199640_3.log	0.000	log	execution logs
analysis/revision/results/resampling_robustness/logs/uni_24199640_4.log	0.000	log	execution logs
analysis/revision/results/resampling_robustness/logs/uni_24199640_5.log	0.000	log	execution logs
analysis/revision/results/resampling_robustness/logs/uni_24199640_6.log	0.000	log	execution logs
analysis/revision/results/resampling_robustness/logs/uni_24199640_7.log	0.000	log	execution logs
analysis/revision/results/resampling_robustness/logs/uni_24199640_8.log	0.000	log	execution logs
analysis/revision/results/resampling_robustness/logs/uni_24199640_9.log	0.000	log	execution logs
analysis/revision/results/existing_evidence/logs/existing_evidence_24197931.log	0.000	log	execution logs
analysis/revision/results/existing_evidence/logs/existing_evidence_24198322.log	0.000	log	execution logs
analysis/revision/results/existing_evidence/logs/existing_evidence_24198443.log	0.000	log	execution logs
analysis/revision/results/existing_evidence/logs/existing_evidence_24201641.log	0.000	log	execution logs
analysis/revision/results/frequency_transfer_figures/logs/.mpl	0.000	log	execution logs
analysis/revision/results/frequency_transfer_figures/logs/rv12_24237403.log	0.000	log	execution logs
analysis/revision/results/frequency_transfer_figures/logs/rv12_24237436.log	0.000	log	execution logs
analysis/revision/results/downstream_tissue_proxy/logs/rv05_24197344_0.log	0.000	log	execution logs
analysis/revision/results/downstream_tissue_proxy/logs/rv05_24197344_1.log	0.000	log	execution logs
analysis/revision/results/downstream_tissue_proxy/logs/rv05_24197344_2.log	0.000	log	execution logs
analysis/revision/results/downstream_tissue_proxy/logs/rv05_24197344_3.log	0.000	log	execution logs
analysis/revision/results/downstream_tissue_proxy/logs/rv05_24197344_4.log	0.000	log	execution logs
analysis/revision/results/downstream_tissue_proxy/logs/rv05_24197344_5.log	0.000	log	execution logs
analysis/revision/results/downstream_tissue_proxy/logs/rv05_24197344_6.log	0.000	log	execution logs
analysis/revision/results/downstream_tissue_proxy/logs/rv05_24197344_7.log	0.000	log	execution logs
analysis/revision/results/downstream_tissue_proxy/logs/rv05_24197344_8.log	0.000	log	execution logs
analysis/revision/results/downstream_tissue_proxy/logs/rv05_24197344_9.log	0.000	log	execution logs
analysis/revision/results/downstream_tissue_proxy/logs/rv05_24197345_4294967294.log	0.000	log	execution logs
analysis/revision/results/downstream_tissue_proxy/logs/rv05_24211441_0.log	0.000	log	execution logs
analysis/revision/results/downstream_tissue_proxy/logs/rv05_24211441_1.log	0.000	log	execution logs
analysis/revision/results/downstream_tissue_proxy/logs/rv05_24211441_10.log	0.000	log	execution logs
analysis/revision/results/downstream_tissue_proxy/logs/rv05_24211441_11.log	0.000	log	execution logs
analysis/revision/results/downstream_tissue_proxy/logs/rv05_24211441_12.log	0.000	log	execution logs
analysis/revision/results/downstream_tissue_proxy/logs/rv05_24211441_13.log	0.000	log	execution logs
analysis/revision/results/downstream_tissue_proxy/logs/rv05_24211441_14.log	0.000	log	execution logs
analysis/revision/results/downstream_tissue_proxy/logs/rv05_24211441_15.log	0.000	log	execution logs
analysis/revision/results/downstream_tissue_proxy/logs/rv05_24211441_16.log	0.000	log	execution logs
analysis/revision/results/downstream_tissue_proxy/logs/rv05_24211441_17.log	0.000	log	execution logs
analysis/revision/results/downstream_tissue_proxy/logs/rv05_24211441_18.log	0.000	log	execution logs
analysis/revision/results/downstream_tissue_proxy/logs/rv05_24211441_19.log	0.000	log	execution logs
analysis/revision/results/downstream_tissue_proxy/logs/rv05_24211441_2.log	0.000	log	execution logs
analysis/revision/results/downstream_tissue_proxy/logs/rv05_24211441_20.log	0.000	log	execution logs
analysis/revision/results/downstream_tissue_proxy/logs/rv05_24211441_21.log	0.000	log	execution logs
analysis/revision/results/downstream_tissue_proxy/logs/rv05_24211441_22.log	0.000	log	execution logs
analysis/revision/results/downstream_tissue_proxy/logs/rv05_24211441_23.log	0.000	log	execution logs
analysis/revision/results/downstream_tissue_proxy/logs/rv05_24211441_24.log	0.000	log	execution logs
analysis/revision/results/downstream_tissue_proxy/logs/rv05_24211441_25.log	0.000	log	execution logs
analysis/revision/results/downstream_tissue_proxy/logs/rv05_24211441_26.log	0.000	log	execution logs
analysis/revision/results/downstream_tissue_proxy/logs/rv05_24211441_27.log	0.000	log	execution logs
analysis/revision/results/downstream_tissue_proxy/logs/rv05_24211441_28.log	0.000	log	execution logs
analysis/revision/results/downstream_tissue_proxy/logs/rv05_24211441_29.log	0.000	log	execution logs
analysis/revision/results/downstream_tissue_proxy/logs/rv05_24211441_3.log	0.000	log	execution logs
analysis/revision/results/downstream_tissue_proxy/logs/rv05_24211441_30.log	0.000	log	execution logs
analysis/revision/results/downstream_tissue_proxy/logs/rv05_24211441_31.log	0.000	log	execution logs
analysis/revision/results/downstream_tissue_proxy/logs/rv05_24211441_32.log	0.000	log	execution logs
analysis/revision/results/downstream_tissue_proxy/logs/rv05_24211441_33.log	0.000	log	execution logs
analysis/revision/results/downstream_tissue_proxy/logs/rv05_24211441_34.log	0.000	log	execution logs
analysis/revision/results/downstream_tissue_proxy/logs/rv05_24211441_35.log	0.000	log	execution logs
analysis/revision/results/downstream_tissue_proxy/logs/rv05_24211441_36.log	0.000	log	execution logs
analysis/revision/results/downstream_tissue_proxy/logs/rv05_24211441_37.log	0.000	log	execution logs
analysis/revision/results/downstream_tissue_proxy/logs/rv05_24211441_38.log	0.000	log	execution logs
analysis/revision/results/downstream_tissue_proxy/logs/rv05_24211441_39.log	0.000	log	execution logs
analysis/revision/results/downstream_tissue_proxy/logs/rv05_24211441_4.log	0.000	log	execution logs
analysis/revision/results/downstream_tissue_proxy/logs/rv05_24211441_5.log	0.000	log	execution logs
analysis/revision/results/downstream_tissue_proxy/logs/rv05_24211441_6.log	0.000	log	execution logs
analysis/revision/results/downstream_tissue_proxy/logs/rv05_24211441_7.log	0.000	log	execution logs
analysis/revision/results/downstream_tissue_proxy/logs/rv05_24211441_8.log	0.000	log	execution logs
analysis/revision/results/downstream_tissue_proxy/logs/rv05_24211441_9.log	0.000	log	execution logs
analysis/revision/results/downstream_tissue_proxy/logs/rv05_24211442_4294967294.log	0.000	log	execution logs
analysis/revision/results/provenance_restoration/logs/code_identity_24197944.log	0.000	log	execution logs
analysis/revision/results/provenance_restoration/logs/code_identity_24198217.log	0.000	log	execution logs
analysis/revision/results/provenance_restoration/logs/code_identity_24198321.log	0.000	log	execution logs
analysis/revision/results/provenance_restoration/logs/gan_pfm_24196916_0.log	0.000	log	execution logs
analysis/revision/results/provenance_restoration/logs/gan_pfm_24196916_1.log	0.000	log	execution logs
analysis/revision/results/provenance_restoration/logs/gan_pfm_24196916_10.log	0.000	log	execution logs
analysis/revision/results/provenance_restoration/logs/gan_pfm_24196916_11.log	0.000	log	execution logs
analysis/revision/results/provenance_restoration/logs/gan_pfm_24196916_12.log	0.000	log	execution logs
analysis/revision/results/provenance_restoration/logs/gan_pfm_24196916_13.log	0.000	log	execution logs
analysis/revision/results/provenance_restoration/logs/gan_pfm_24196916_14.log	0.000	log	execution logs
analysis/revision/results/provenance_restoration/logs/gan_pfm_24196916_15.log	0.000	log	execution logs
analysis/revision/results/provenance_restoration/logs/gan_pfm_24196916_16.log	0.000	log	execution logs
analysis/revision/results/provenance_restoration/logs/gan_pfm_24196916_17.log	0.000	log	execution logs
analysis/revision/results/provenance_restoration/logs/gan_pfm_24196916_2.log	0.000	log	execution logs
analysis/revision/results/provenance_restoration/logs/gan_pfm_24196916_3.log	0.000	log	execution logs
analysis/revision/results/provenance_restoration/logs/gan_pfm_24196916_4.log	0.000	log	execution logs
analysis/revision/results/provenance_restoration/logs/gan_pfm_24196916_5.log	0.000	log	execution logs
analysis/revision/results/provenance_restoration/logs/gan_pfm_24196916_6.log	0.000	log	execution logs
analysis/revision/results/provenance_restoration/logs/gan_pfm_24196916_7.log	0.000	log	execution logs
analysis/revision/results/provenance_restoration/logs/gan_pfm_24196916_8.log	0.000	log	execution logs
analysis/revision/results/provenance_restoration/logs/gan_pfm_24196916_9.log	0.000	log	execution logs
analysis/revision/results/provenance_restoration/logs/gan_pfm_compare_24196917.log	0.000	log	execution logs
analysis/revision/results/provenance_restoration/logs/scanner_tissue_space_24196915.log	0.000	log	execution logs
analysis/revision/results/provenance_restoration/logs/structure_rv-p0d-struct-cpu_24197208.log	0.000	log	execution logs
analysis/revision/results/provenance_restoration/logs/structure_rv-p0d-struct-cpu_24197210.log	0.000	log	execution logs
analysis/revision/results/provenance_restoration/logs/structure_rv-p0d-struct-gpu_24197207_0.log	0.000	log	execution logs
analysis/revision/results/provenance_restoration/logs/structure_rv-p0d-struct-gpu_24197207_1.log	0.000	log	execution logs
analysis/revision/results/provenance_restoration/logs/structure_rv-p0d-struct-gpu_24197207_2.log	0.000	log	execution logs
analysis/revision/results/provenance_restoration/logs/structure_rv-p0d-struct-gpu_24197207_3.log	0.000	log	execution logs
analysis/revision/results/provenance_restoration/logs/structure_rv-p0d-struct-gpu_24197207_4.log	0.000	log	execution logs
analysis/revision/results/provenance_restoration/logs/structure_rv-p0d-struct-gpu_24197209_0.log	0.000	log	execution logs
analysis/revision/results/provenance_restoration/logs/summary_24201642.log	0.000	log	execution logs
analysis/revision/results/provenance_restoration/logs/summary_24201895.log	0.000	log	execution logs
analysis/revision/results/corrected_embeddings/logs/assemble_24198727_0.log	0.000	log	execution logs
analysis/revision/results/corrected_embeddings/logs/assemble_24198727_1.log	0.000	log	execution logs
analysis/revision/results/corrected_embeddings/logs/assemble_24198727_2.log	0.000	log	execution logs
analysis/revision/results/corrected_embeddings/logs/assemble_24198727_3.log	0.000	log	execution logs
analysis/revision/results/corrected_embeddings/logs/assemble_24199747_0.log	0.000	log	execution logs
analysis/revision/results/corrected_embeddings/logs/assemble_24199747_1.log	0.000	log	execution logs
analysis/revision/results/corrected_embeddings/logs/assemble_24199747_2.log	0.000	log	execution logs
analysis/revision/results/corrected_embeddings/logs/assemble_24199747_3.log	0.000	log	execution logs
analysis/revision/results/corrected_embeddings/logs/assemble_24199990_0.log	0.000	log	execution logs
analysis/revision/results/corrected_embeddings/logs/features_24196725_2.log	0.000	log	execution logs
analysis/revision/results/corrected_embeddings/logs/features_24196725_7.log	0.000	log	execution logs
analysis/revision/results/corrected_embeddings/logs/features_24197226_0.log	0.000	log	execution logs
analysis/revision/results/corrected_embeddings/logs/features_24197226_1.log	0.000	log	execution logs
analysis/revision/results/corrected_embeddings/logs/features_24197226_10.log	0.000	log	execution logs
analysis/revision/results/corrected_embeddings/logs/features_24197226_11.log	0.000	log	execution logs
analysis/revision/results/corrected_embeddings/logs/features_24197226_12.log	0.000	log	execution logs
analysis/revision/results/corrected_embeddings/logs/features_24197226_13.log	0.000	log	execution logs
analysis/revision/results/corrected_embeddings/logs/features_24197226_14.log	0.000	log	execution logs
analysis/revision/results/corrected_embeddings/logs/features_24197226_15.log	0.000	log	execution logs
analysis/revision/results/corrected_embeddings/logs/features_24197226_16.log	0.000	log	execution logs
analysis/revision/results/corrected_embeddings/logs/features_24197226_17.log	0.000	log	execution logs
analysis/revision/results/corrected_embeddings/logs/features_24197226_18.log	0.000	log	execution logs
analysis/revision/results/corrected_embeddings/logs/features_24197226_19.log	0.000	log	execution logs
analysis/revision/results/corrected_embeddings/logs/features_24197226_2.log	0.000	log	execution logs
analysis/revision/results/corrected_embeddings/logs/features_24197226_3.log	0.000	log	execution logs
analysis/revision/results/corrected_embeddings/logs/features_24197226_4.log	0.000	log	execution logs
analysis/revision/results/corrected_embeddings/logs/features_24197226_5.log	0.000	log	execution logs
analysis/revision/results/corrected_embeddings/logs/features_24197226_6.log	0.000	log	execution logs
analysis/revision/results/corrected_embeddings/logs/features_24197226_7.log	0.000	log	execution logs
analysis/revision/results/corrected_embeddings/logs/features_24197226_8.log	0.000	log	execution logs
analysis/revision/results/corrected_embeddings/logs/features_24197226_9.log	0.000	log	execution logs
analysis/revision/results/corrected_embeddings/logs/finalize_24198728.log	0.000	log	execution logs
analysis/revision/results/corrected_embeddings/logs/images_24196553_0.log	0.000	log	execution logs
analysis/revision/results/corrected_embeddings/logs/images_24196554_6.log	0.000	log	execution logs
analysis/revision/results/corrected_embeddings/logs/images_24198726_0.log	0.000	log	execution logs
analysis/revision/results/corrected_embeddings/logs/images_24198726_1.log	0.000	log	execution logs
analysis/revision/results/corrected_embeddings/logs/images_24198726_10.log	0.000	log	execution logs
analysis/revision/results/corrected_embeddings/logs/images_24198726_11.log	0.000	log	execution logs
analysis/revision/results/corrected_embeddings/logs/images_24198726_12.log	0.000	log	execution logs
analysis/revision/results/corrected_embeddings/logs/images_24198726_13.log	0.000	log	execution logs
analysis/revision/results/corrected_embeddings/logs/images_24198726_14.log	0.000	log	execution logs
analysis/revision/results/corrected_embeddings/logs/images_24198726_15.log	0.000	log	execution logs
analysis/revision/results/corrected_embeddings/logs/images_24198726_16.log	0.000	log	execution logs
analysis/revision/results/corrected_embeddings/logs/images_24198726_17.log	0.000	log	execution logs
analysis/revision/results/corrected_embeddings/logs/images_24198726_18.log	0.000	log	execution logs
analysis/revision/results/corrected_embeddings/logs/images_24198726_2.log	0.000	log	execution logs
analysis/revision/results/corrected_embeddings/logs/images_24198726_3.log	0.000	log	execution logs
analysis/revision/results/corrected_embeddings/logs/images_24198726_4.log	0.000	log	execution logs
analysis/revision/results/corrected_embeddings/logs/images_24198726_5.log	0.000	log	execution logs
analysis/revision/results/corrected_embeddings/logs/images_24198726_6.log	0.000	log	execution logs
analysis/revision/results/corrected_embeddings/logs/images_24198726_7.log	0.000	log	execution logs
analysis/revision/results/corrected_embeddings/logs/images_24198726_8.log	0.000	log	execution logs
analysis/revision/results/corrected_embeddings/logs/images_24198726_9.log	0.000	log	execution logs
analysis/revision/results/corrected_embeddings/logs/images_24199988_0.log	0.000	log	execution logs
analysis/revision/results/corrected_embeddings/logs/images_24199989_6.log	0.000	log	execution logs
analysis/revision/results/uni_extraction_parity/logs/parity_24197127.log	0.000	log	execution logs
analysis/revision/results/detectability_within_fold/logs/rv04b_24219175_0.log	0.000	log	execution logs
analysis/revision/results/detectability_within_fold/logs/rv04b_24219175_52.log	0.000	log	execution logs
analysis/revision/results/detectability_within_fold/logs/rv04b_24219175_9.log	0.000	log	execution logs
analysis/revision/results/detectability_within_fold/logs/rv04b_24219793_1.log	0.000	log	execution logs
analysis/revision/results/detectability_within_fold/logs/rv04b_24219793_10.log	0.000	log	execution logs
analysis/revision/results/detectability_within_fold/logs/rv04b_24219793_11.log	0.000	log	execution logs
analysis/revision/results/detectability_within_fold/logs/rv04b_24219793_12.log	0.000	log	execution logs
analysis/revision/results/detectability_within_fold/logs/rv04b_24219793_13.log	0.000	log	execution logs
analysis/revision/results/detectability_within_fold/logs/rv04b_24219793_14.log	0.000	log	execution logs
analysis/revision/results/detectability_within_fold/logs/rv04b_24219793_15.log	0.000	log	execution logs
analysis/revision/results/detectability_within_fold/logs/rv04b_24219793_16.log	0.000	log	execution logs
analysis/revision/results/detectability_within_fold/logs/rv04b_24219793_17.log	0.000	log	execution logs
analysis/revision/results/detectability_within_fold/logs/rv04b_24219793_18.log	0.000	log	execution logs
analysis/revision/results/detectability_within_fold/logs/rv04b_24219793_19.log	0.000	log	execution logs
analysis/revision/results/detectability_within_fold/logs/rv04b_24219793_2.log	0.000	log	execution logs
analysis/revision/results/detectability_within_fold/logs/rv04b_24219793_20.log	0.000	log	execution logs
analysis/revision/results/detectability_within_fold/logs/rv04b_24219793_21.log	0.000	log	execution logs
analysis/revision/results/detectability_within_fold/logs/rv04b_24219793_22.log	0.000	log	execution logs
analysis/revision/results/detectability_within_fold/logs/rv04b_24219793_23.log	0.000	log	execution logs
analysis/revision/results/detectability_within_fold/logs/rv04b_24219793_24.log	0.000	log	execution logs
analysis/revision/results/detectability_within_fold/logs/rv04b_24219793_25.log	0.000	log	execution logs
analysis/revision/results/detectability_within_fold/logs/rv04b_24219793_26.log	0.000	log	execution logs
analysis/revision/results/detectability_within_fold/logs/rv04b_24219793_27.log	0.000	log	execution logs
analysis/revision/results/detectability_within_fold/logs/rv04b_24219793_28.log	0.000	log	execution logs
analysis/revision/results/detectability_within_fold/logs/rv04b_24219793_29.log	0.000	log	execution logs
analysis/revision/results/detectability_within_fold/logs/rv04b_24219793_3.log	0.000	log	execution logs
analysis/revision/results/detectability_within_fold/logs/rv04b_24219793_30.log	0.000	log	execution logs
analysis/revision/results/detectability_within_fold/logs/rv04b_24219793_31.log	0.000	log	execution logs
analysis/revision/results/detectability_within_fold/logs/rv04b_24219793_32.log	0.000	log	execution logs
analysis/revision/results/detectability_within_fold/logs/rv04b_24219793_33.log	0.000	log	execution logs
analysis/revision/results/detectability_within_fold/logs/rv04b_24219793_34.log	0.000	log	execution logs
analysis/revision/results/detectability_within_fold/logs/rv04b_24219793_35.log	0.000	log	execution logs
analysis/revision/results/detectability_within_fold/logs/rv04b_24219793_36.log	0.000	log	execution logs
analysis/revision/results/detectability_within_fold/logs/rv04b_24219793_37.log	0.000	log	execution logs
analysis/revision/results/detectability_within_fold/logs/rv04b_24219793_38.log	0.000	log	execution logs
analysis/revision/results/detectability_within_fold/logs/rv04b_24219793_39.log	0.000	log	execution logs
analysis/revision/results/detectability_within_fold/logs/rv04b_24219793_4.log	0.000	log	execution logs
analysis/revision/results/detectability_within_fold/logs/rv04b_24219793_40.log	0.000	log	execution logs
analysis/revision/results/detectability_within_fold/logs/rv04b_24219793_41.log	0.000	log	execution logs
analysis/revision/results/detectability_within_fold/logs/rv04b_24219793_42.log	0.000	log	execution logs
analysis/revision/results/detectability_within_fold/logs/rv04b_24219793_43.log	0.000	log	execution logs
analysis/revision/results/detectability_within_fold/logs/rv04b_24219793_44.log	0.000	log	execution logs
analysis/revision/results/detectability_within_fold/logs/rv04b_24219793_45.log	0.000	log	execution logs
analysis/revision/results/detectability_within_fold/logs/rv04b_24219793_46.log	0.000	log	execution logs
analysis/revision/results/detectability_within_fold/logs/rv04b_24219793_47.log	0.000	log	execution logs
analysis/revision/results/detectability_within_fold/logs/rv04b_24219793_48.log	0.000	log	execution logs
analysis/revision/results/detectability_within_fold/logs/rv04b_24219793_49.log	0.000	log	execution logs
analysis/revision/results/detectability_within_fold/logs/rv04b_24219793_5.log	0.000	log	execution logs
analysis/revision/results/detectability_within_fold/logs/rv04b_24219793_50.log	0.000	log	execution logs
analysis/revision/results/detectability_within_fold/logs/rv04b_24219793_51.log	0.000	log	execution logs
analysis/revision/results/detectability_within_fold/logs/rv04b_24219793_53.log	0.000	log	execution logs
analysis/revision/results/detectability_within_fold/logs/rv04b_24219793_54.log	0.000	log	execution logs
analysis/revision/results/detectability_within_fold/logs/rv04b_24219793_55.log	0.000	log	execution logs
analysis/revision/results/detectability_within_fold/logs/rv04b_24219793_56.log	0.000	log	execution logs
analysis/revision/results/detectability_within_fold/logs/rv04b_24219793_57.log	0.000	log	execution logs
analysis/revision/results/detectability_within_fold/logs/rv04b_24219793_58.log	0.000	log	execution logs
analysis/revision/results/detectability_within_fold/logs/rv04b_24219793_59.log	0.000	log	execution logs
analysis/revision/results/detectability_within_fold/logs/rv04b_24219793_6.log	0.000	log	execution logs
analysis/revision/results/detectability_within_fold/logs/rv04b_24219793_60.log	0.000	log	execution logs
analysis/revision/results/detectability_within_fold/logs/rv04b_24219793_61.log	0.000	log	execution logs
analysis/revision/results/detectability_within_fold/logs/rv04b_24219793_62.log	0.000	log	execution logs
analysis/revision/results/detectability_within_fold/logs/rv04b_24219793_63.log	0.000	log	execution logs
analysis/revision/results/detectability_within_fold/logs/rv04b_24219793_64.log	0.000	log	execution logs
analysis/revision/results/detectability_within_fold/logs/rv04b_24219793_65.log	0.000	log	execution logs
analysis/revision/results/detectability_within_fold/logs/rv04b_24219793_66.log	0.000	log	execution logs
analysis/revision/results/detectability_within_fold/logs/rv04b_24219793_67.log	0.000	log	execution logs
analysis/revision/results/detectability_within_fold/logs/rv04b_24219793_68.log	0.000	log	execution logs
analysis/revision/results/detectability_within_fold/logs/rv04b_24219793_69.log	0.000	log	execution logs
analysis/revision/results/detectability_within_fold/logs/rv04b_24219793_7.log	0.000	log	execution logs
analysis/revision/results/detectability_within_fold/logs/rv04b_24219793_70.log	0.000	log	execution logs
analysis/revision/results/detectability_within_fold/logs/rv04b_24219793_71.log	0.000	log	execution logs
analysis/revision/results/detectability_within_fold/logs/rv04b_24219793_72.log	0.000	log	execution logs
analysis/revision/results/detectability_within_fold/logs/rv04b_24219793_73.log	0.000	log	execution logs
analysis/revision/results/detectability_within_fold/logs/rv04b_24219793_74.log	0.000	log	execution logs
analysis/revision/results/detectability_within_fold/logs/rv04b_24219793_75.log	0.000	log	execution logs
analysis/revision/results/detectability_within_fold/logs/rv04b_24219793_76.log	0.000	log	execution logs
analysis/revision/results/detectability_within_fold/logs/rv04b_24219793_77.log	0.000	log	execution logs
analysis/revision/results/detectability_within_fold/logs/rv04b_24219793_78.log	0.000	log	execution logs
analysis/revision/results/detectability_within_fold/logs/rv04b_24219793_79.log	0.000	log	execution logs
analysis/revision/results/detectability_within_fold/logs/rv04b_24219793_8.log	0.000	log	execution logs
analysis/revision/results/detectability_within_fold/logs/rv04b_24219793_80.log	0.000	log	execution logs
analysis/revision/results/detectability_within_fold/logs/rv04b_24219793_81.log	0.000	log	execution logs
analysis/revision/results/detectability_within_fold/logs/rv04b_24219793_82.log	0.000	log	execution logs
analysis/revision/results/detectability_within_fold/logs/rv04b_24219793_83.log	0.000	log	execution logs
analysis/revision/results/detectability_within_fold/logs/rv04b_24219793_84.log	0.000	log	execution logs
analysis/revision/results/detectability_within_fold/logs/rv04b_24219793_85.log	0.000	log	execution logs
analysis/revision/results/detectability_within_fold/logs/rv04b_24219793_86.log	0.000	log	execution logs
analysis/revision/results/detectability_within_fold/logs/rv04b_24219793_87.log	0.000	log	execution logs
analysis/revision/results/detectability_within_fold/logs/rv04b_24219794_4294967294.log	0.000	log	execution logs
analysis/revision/results/registration_floor/logs/aggregate_24196846.log	0.000	log	execution logs
analysis/revision/results/registration_floor/logs/aggregate_24200369.log	0.000	log	execution logs
analysis/revision/results/registration_floor/logs/aggregate_24202394.log	0.000	log	execution logs
analysis/revision/results/registration_floor/logs/embed_24196845_0.log	0.000	log	execution logs
analysis/revision/results/registration_floor/logs/embed_24200368_0.log	0.000	log	execution logs
analysis/revision/results/registration_floor/logs/embed_24200368_1.log	0.000	log	execution logs
analysis/revision/results/registration_floor/logs/embed_24200368_2.log	0.000	log	execution logs
analysis/revision/results/registration_floor/logs/embed_24200368_3.log	0.000	log	execution logs
analysis/revision/results/registration_floor/logs/identity_24196844.log	0.000	log	execution logs
archive	0.000	code: tooling	tests, manuscript audit tooling for the previous manuscript, archive (notes kept in docs/records)
scripts/checks	0.000	code: tooling	tests, manuscript audit tooling for the previous manuscript, archive (notes kept in docs/records)
tests	0.000	code: tooling	tests, manuscript audit tooling for the previous manuscript, archive (notes kept in docs/records)
analysis/paper/ARTIFACTS.md	0.000	code: tooling	audit locks of the previous manuscript; manifests moved to docs/records
analysis/paper/artifact_map.json	0.000	code: tooling	audit locks of the previous manuscript; manifests moved to docs/records
analysis/paper/check_evidence_hashes.sbatch	0.000	code: tooling	audit locks of the previous manuscript; manifests moved to docs/records
analysis/paper/code_cleanup_manifest.tsv	0.000	code: tooling	audit locks of the previous manuscript; manifests moved to docs/records
analysis/paper/evidence_hashes.json	0.000	code: tooling	audit locks of the previous manuscript; manifests moved to docs/records
analysis/paper/figure_rebuild_comparison.json	0.000	code: tooling	audit locks of the previous manuscript; manifests moved to docs/records
analysis/paper/paper_assets_baseline.json	0.000	code: tooling	audit locks of the previous manuscript; manifests moved to docs/records
analysis/paper/relocation_manifest.tsv	0.000	code: tooling	audit locks of the previous manuscript; manifests moved to docs/records
analysis/paper/verify_figures.sbatch	0.000	code: tooling	audit locks of the previous manuscript; manifests moved to docs/records
analysis/paper/audit_augmentation_common_meetings.py	0.000	code: superseded figure	renderers and audits of figures replaced in the revision
analysis/paper/audit_augmentation_common_meetings.sbatch	0.000	code: superseded figure	renderers and audits of figures replaced in the revision
analysis/paper/plot_augmentation_common_uni.py	0.000	code: superseded figure	renderers and audits of figures replaced in the revision
analysis/paper/plot_augmentation_common_uni.sbatch	0.000	code: superseded figure	renderers and audits of figures replaced in the revision
analysis/paper/plot_scanner_common_image_phenotype.py	0.000	code: superseded figure	renderers and audits of figures replaced in the revision
analysis/revision/reference_encoders_rv15_embed.py	0.000	code: non-paper analysis	RV15
analysis/revision/reference_encoders_rv15_embed.sbatch	0.000	code: non-paper analysis	RV15
analysis/revision/reference_encoders_rv15_metrics.py	0.000	code: non-paper analysis	RV15
analysis/revision/reference_encoders_rv15_metrics.sbatch	0.000	code: non-paper analysis	RV15
analysis/revision/reference_encoders_rv15_models.py	0.000	code: non-paper analysis	RV15
analysis/revision/reference_encoders_rv15_parity.py	0.000	code: non-paper analysis	RV15
analysis/revision/reference_encoders_rv15_parity.sbatch	0.000	code: non-paper analysis	RV15
analysis/revision/scanner_composition_embed.sbatch	0.000	code: non-paper analysis	RV16 wrappers (library modules imported by RV18 are kept)
analysis/revision/scanner_composition_metrics.sbatch	0.000	code: non-paper analysis	RV16 wrappers (library modules imported by RV18 are kept)
analysis/revision/scanner_composition_pilot_protocol.md	0.000	code: non-paper analysis	RV16 wrappers (library modules imported by RV18 are kept)
analysis/revision/scanner_composition_pretrain.sbatch	0.000	code: non-paper analysis	RV16 wrappers (library modules imported by RV18 are kept)
analysis/revision/scanner_composition_secondary.py	0.000	code: non-paper analysis	RV16 wrappers (library modules imported by RV18 are kept)
analysis/revision/scanner_mixture_embed.sbatch	0.000	code: non-paper analysis	RV17 wrappers (library modules imported by RV18 are kept)
analysis/revision/scanner_mixture_metrics.sbatch	0.000	code: non-paper analysis	RV17 wrappers (library modules imported by RV18 are kept)
analysis/revision/scanner_mixture_pretrain.sbatch	0.000	code: non-paper analysis	RV17 wrappers (library modules imported by RV18 are kept)
analysis/revision/scanner_mixture_protocol.md	0.000	code: non-paper analysis	RV17 wrappers (library modules imported by RV18 are kept)
src/prenorm/data	0.000	code: dead module	not imported by any remaining code
src/prenorm/frequency.py	0.000	code: dead module	not imported by any remaining code
src/prenorm/metrics.py	0.000	code: dead module	not imported by any remaining code
src/prenorm/pairwise.py	0.000	code: dead module	not imported by any remaining code
src/prenorm/projection.py	0.000	code: dead module	not imported by any remaining code
src/prenorm/provenance.py	0.000	code: dead module	not imported by any remaining code
src/prenorm/trajectory.py	0.000	code: dead module	not imported by any remaining code
scripts/ENTRYPOINTS.tsv	0.000	code: tooling	path map moved to docs/records/restore_maps
presentations	0.000	empty	empty directory
reports	0.000	empty	empty directory
analysis/paper/__pycache__	0.000	cache	Python byte-code cache
analysis/revision/__pycache__	0.000	cache	Python byte-code cache
analysis/revision/third_party/dinov2_7764ea0f/dinov2/__pycache__	0.000	cache	Python byte-code cache
analysis/revision/third_party/dinov2_7764ea0f/dinov2/data/__pycache__	0.000	cache	Python byte-code cache
analysis/revision/third_party/dinov2_7764ea0f/dinov2/data/cell_dino/__pycache__	0.000	cache	Python byte-code cache
analysis/revision/third_party/dinov2_7764ea0f/dinov2/data/datasets/__pycache__	0.000	cache	Python byte-code cache
analysis/revision/third_party/dinov2_7764ea0f/dinov2/data/datasets/cell_dino/__pycache__	0.000	cache	Python byte-code cache
analysis/revision/third_party/dinov2_7764ea0f/dinov2/distributed/__pycache__	0.000	cache	Python byte-code cache
analysis/revision/third_party/dinov2_7764ea0f/dinov2/layers/__pycache__	0.000	cache	Python byte-code cache
analysis/revision/third_party/dinov2_7764ea0f/dinov2/loss/__pycache__	0.000	cache	Python byte-code cache
analysis/revision/third_party/dinov2_7764ea0f/dinov2/models/__pycache__	0.000	cache	Python byte-code cache
analysis/revision/third_party/dinov2_7764ea0f/dinov2/utils/__pycache__	0.000	cache	Python byte-code cache
scripts/__pycache__	0.000	cache	Python byte-code cache
scripts/features/__pycache__	0.000	cache	Python byte-code cache
scripts/frequency/__pycache__	0.000	cache	Python byte-code cache
src/__pycache__	0.001	cache	Python byte-code cache
src/manuscript_completion/__pycache__	0.001	cache	Python byte-code cache
src/prenorm/__pycache__	0.000	cache	Python byte-code cache
src/prenorm/data/__pycache__	0.000	cache	Python byte-code cache
src/scanner_gan/__pycache__	0.001	cache	Python byte-code cache
tests/__pycache__	0.000	cache	Python byte-code cache
